"game_id","season","game_type","week","gameday","weekday","gametime","away_team","away_score","home_team","home_score","location","result","total","overtime","old_game_id","gsis","nfl_detail_id","pfr","pff","espn","away_rest","home_rest","away_moneyline","home_moneyline","spread_line","away_spread_odds","home_spread_odds","total_line","under_odds","over_odds","div_game","roof","surface","temp","wind","away_qb_id","home_qb_id","away_qb_name","home_qb_name","away_coach","home_coach","referee","stadium_id","stadium"
"2022_01_BUF_LA",2022,"REG",1,"2022-09-08","Thursday","20:20","BUF",31,"LA",10,"Home",-21,41,0,"2022090800",NA,NA,"202209080ram",NA,"401437654",7,7,-117,106,-1,-112,101,51.5,-101,-111,0,"dome","matrixturf",NA,NA,"00-0034857","00-0026498","Josh Allen","Matthew Stafford","Sean McDermott","Sean McVay","Carl Cheffers","LAX01","SoFi Stadium"
"2022_01_NO_ATL",2022,"REG",1,"2022-09-11","Sunday","13:00","NO",27,"ATL",26,"Home",-1,53,0,"2022091100",NA,NA,"202209110atl",NA,"401437650",7,7,-228,201,-6,-103,-107,43.5,-104,-108,1,"closed","fieldturf",NA,NA,"00-0031503","00-0032268","Jameis Winston","Marcus Mariota","Dennis Allen","Arthur Smith","Alex Kemp","ATL97","Mercedes-Benz Stadium"
"2022_01_CLE_CAR",2022,"REG",1,"2022-09-11","Sunday","13:00","CLE",26,"CAR",24,"Home",-2,50,0,"2022091101",NA,NA,"202209110car",NA,"401437651",7,7,114,-125,2.5,-112,102,42.5,-113,100,0,"outdoors","grass",NA,NA,"00-0033119","00-0034855","Jacoby Brissett","Baker Mayfield","Kevin Stefanski","Matt Rhule","Brad Rogers","CAR00","Bank of America Stadium"
"2022_01_SF_CHI",2022,"REG",1,"2022-09-11","Sunday","13:00","SF",10,"CHI",19,"Home",9,29,0,"2022091102",NA,NA,"202209110chi",NA,"401437647",7,7,-248,217,-6.5,100,-111,38,-103,-109,0,"outdoors","grass",NA,NA,"00-0037012","00-0036945","Trey Lance","Justin Fields","Kyle Shanahan","Matt Eberflus","Clay Martin","CHI98","Soldier Field"
"2022_01_PIT_CIN",2022,"REG",1,"2022-09-11","Sunday","13:00","PIT",23,"CIN",20,"Home",-3,43,1,"2022091103",NA,NA,"202209110cin",NA,"401437634",7,7,264,-308,7.5,-119,107,44.5,101,-113,1,"outdoors","fieldturf",NA,NA,"00-0033869","00-0036442","Mitch Trubisky","Joe Burrow","Mike Tomlin","Zac Taylor","Shawn Hochuli","CIN00","Paycor Stadium"
"2022_01_PHI_DET",2022,"REG",1,"2022-09-11","Sunday","13:00","PHI",38,"DET",35,"Home",-3,73,0,"2022091104",NA,NA,"202209110det",NA,"401437648",7,7,-240,211,-6,-110,-100,49,-117,104,0,"dome","fieldturf",NA,NA,"00-0036389","00-0033106","Jalen Hurts","Jared Goff","Nick Sirianni","Dan Campbell","Brad Allen","DET00","Ford Field"
"2022_01_IND_HOU",2022,"REG",1,"2022-09-11","Sunday","13:00","IND",20,"HOU",20,"Home",0,40,1,"2022091105",NA,NA,"202209110htx",NA,"401437637",7,7,-290,250,-7,-103,-107,46,-110,-102,1,"closed","astroturf",NA,NA,"00-0026143","00-0036898","Matt Ryan","Davis Mills","Frank Reich","Lovie Smith","Land Clark","HOU00","NRG Stadium"
"2022_01_NE_MIA",2022,"REG",1,"2022-09-11","Sunday","13:00","NE",7,"MIA",20,"Home",13,27,0,"2022091106",NA,NA,"202209110mia",NA,"401437630",7,7,140,-155,3,-104,-106,47,-109,-103,1,"outdoors","grass",NA,NA,"00-0036972","00-0036212","Mac Jones","Tua Tagovailoa","Bill Belichick","Mike McDaniel","John Hussey","MIA00","Hard Rock Stadium"
"2022_01_BAL_NYJ",2022,"REG",1,"2022-09-11","Sunday","13:00","BAL",24,"NYJ",9,"Home",-15,33,0,"2022091107",NA,NA,"202209110nyj",NA,"401437632",7,7,-265,231,-6.5,-103,-107,44,-109,-103,0,"outdoors","fieldturf",NA,NA,"00-0034796","00-0026158","Lamar Jackson","Joe Flacco","John Harbaugh","Robert Saleh","Craig Wrolstad","NYC01","MetLife Stadium"
"2022_01_JAX_WAS",2022,"REG",1,"2022-09-11","Sunday","13:00","JAX",22,"WAS",28,"Home",6,50,0,"2022091108",NA,NA,"202209110was",NA,"401437646",7,7,143,-159,3,-101,-110,43.5,-110,-102,0,"outdoors","grass",NA,NA,"00-0036971","00-0032950","Trevor Lawrence","Carson Wentz","Doug Pederson","Ron Rivera","Tra Blake","WAS00","FedExField"
"2022_01_KC_ARI",2022,"REG",1,"2022-09-11","Sunday","16:25","KC",44,"ARI",21,"Home",-23,65,0,"2022091110",NA,NA,"202209110crd",NA,"401437653",7,7,-252,221,-6,-107,-104,54,-110,-102,0,"closed","grass",NA,NA,"00-0033873","00-0035228","Patrick Mahomes","Kyler Murray","Andy Reid","Kliff Kingsbury","Scott Novak","PHO00","State Farm Stadium"
"2022_01_LV_LAC",2022,"REG",1,"2022-09-11","Sunday","16:25","LV",19,"LAC",24,"Home",5,43,0,"2022091111",NA,NA,"202209110sdg",NA,"401437643",7,7,161,-180,3.5,-106,-104,52.5,-103,-109,1,"dome","matrixturf",NA,NA,"00-0031280","00-0036355","Derek Carr","Justin Herbert","Josh McDaniels","Brandon Staley","Shawn Smith","LAX01","SoFi Stadium"
"2022_01_GB_MIN",2022,"REG",1,"2022-09-11","Sunday","16:25","GB",7,"MIN",23,"Home",16,30,0,"2022091112",NA,NA,"202209110min",NA,"401437649",7,7,113,-125,2.5,-116,105,47,-114,101,1,"dome","sportturf",NA,NA,"00-0023459","00-0029604","Aaron Rodgers","Kirk Cousins","Matt LaFleur","Kevin O'Connell","Bill Vinovich","MIN01","U.S. Bank Stadium"
"2022_01_NYG_TEN",2022,"REG",1,"2022-09-11","Sunday","16:25","NYG",21,"TEN",20,"Home",-1,41,0,"2022091109",NA,NA,"202209110oti",NA,"401437640",7,7,209,-239,5.5,-108,-102,43.5,-101,-111,0,"outdoors","grass",NA,NA,"00-0035710","00-0029701","Daniel Jones","Ryan Tannehill","Brian Daboll","Mike Vrabel","Jerome Boger","NAS00","Nissan Stadium"
"2022_01_TB_DAL",2022,"REG",1,"2022-09-11","Sunday","20:20","TB",19,"DAL",3,"Home",-16,22,0,"2022091113",NA,NA,"202209110dal",NA,"401437644",7,7,-133,120,-2.5,-108,-102,49.5,-102,-110,0,"closed","matrixturf",NA,NA,"00-0019596","00-0033077","Tom Brady","Dak Prescott","Todd Bowles","Mike McCarthy","Ron Torbert","DAL00","AT&T Stadium"
"2022_01_DEN_SEA",2022,"REG",1,"2022-09-12","Monday","20:15","DEN",16,"SEA",17,"Home",1,33,0,"2022091200",NA,NA,"202209120sea",NA,"401437655",7,7,-253,221,-6,-107,-103,44,-115,102,0,"outdoors","fieldturf",NA,NA,"00-0029263","00-0030565","Russell Wilson","Geno Smith","Nathaniel Hackett","Pete Carroll","Clete Blakeman","SEA00","Lumen Field"
"2022_02_LAC_KC",2022,"REG",2,"2022-09-15","Thursday","20:15","LAC",24,"KC",27,"Home",3,51,0,"2022091500",NA,NA,"202209150kan",NA,"401434030",4,4,167,-188,4,-113,102,52.5,-101,-111,1,"outdoors","grass",NA,NA,"00-0036355","00-0033873","Justin Herbert","Patrick Mahomes","Brandon Staley","Andy Reid","John Hussey","KAN00","GEHA Field at Arrowhead Stadium"
"2022_02_MIA_BAL",2022,"REG",2,"2022-09-18","Sunday","13:00","MIA",42,"BAL",38,"Home",-4,80,0,"2022091800",NA,NA,"202209180rav",NA,"401437633",7,7,148,-164,3,103,-114,44,-114,101,0,"outdoors","grass",NA,NA,"00-0036212","00-0034796","Tua Tagovailoa","Lamar Jackson","Mike McDaniel","John Harbaugh","Adrian Hill","BAL00","M&T Bank Stadium"
"2022_02_NYJ_CLE",2022,"REG",2,"2022-09-18","Sunday","13:00","NYJ",31,"CLE",30,"Home",-1,61,0,"2022091801",NA,NA,"202209180cle",NA,"401437635",7,7,207,-235,6.5,-111,100,38.5,-107,-105,0,"outdoors","grass",NA,NA,"00-0026158","00-0033119","Joe Flacco","Jacoby Brissett","Robert Saleh","Kevin Stefanski","Tra Blake","CLE00","FirstEnergy Stadium"
"2022_02_WAS_DET",2022,"REG",2,"2022-09-18","Sunday","13:00","WAS",27,"DET",36,"Home",9,63,0,"2022091802",NA,NA,"202209180det",NA,"401437732",7,7,-114,103,-1,-107,-103,48.5,-114,101,0,"dome","fieldturf",NA,NA,"00-0032950","00-0033106","Carson Wentz","Jared Goff","Ron Rivera","Dan Campbell","Bill Vinovich","DET00","Ford Field"
"2022_02_IND_JAX",2022,"REG",2,"2022-09-18","Sunday","13:00","IND",0,"JAX",24,"Home",24,24,0,"2022091803",NA,NA,"202209180jax",NA,"401437639",7,7,-157,142,-3,-107,-103,43.5,-104,-108,1,"outdoors","grass",NA,NA,"00-0026143","00-0036971","Matt Ryan","Trevor Lawrence","Frank Reich","Doug Pederson","Alex Kemp","JAX00","TIAA Bank Stadium"
"2022_02_TB_NO",2022,"REG",2,"2022-09-18","Sunday","13:00","TB",20,"NO",10,"Home",-10,30,0,"2022091804",NA,NA,"202209180nor",NA,"401437652",7,7,-138,124,-2.5,-109,-102,44,-117,104,1,"dome","sportturf",NA,NA,"00-0019596","00-0031503","Tom Brady","Jameis Winston","Todd Bowles","Dennis Allen","Shawn Hochuli","NOR00","Mercedes-Benz Superdome"
"2022_02_CAR_NYG",2022,"REG",2,"2022-09-18","Sunday","13:00","CAR",16,"NYG",19,"Home",3,35,0,"2022091805",NA,NA,"202209180nyg",NA,"401437645",7,7,-114,103,-1,-106,-104,44,-102,-110,0,"outdoors","fieldturf",NA,NA,"00-0034855","00-0035710","Baker Mayfield","Daniel Jones","Matt Rhule","Brian Daboll","Ron Torbert","NYC01","MetLife Stadium"
"2022_02_NE_PIT",2022,"REG",2,"2022-09-18","Sunday","13:00","NE",17,"PIT",14,"Home",-3,31,0,"2022091806",NA,NA,"202209180pit",NA,"401437636",7,7,-150,135,-3,-102,-109,40,-101,-111,0,"outdoors","grass",NA,NA,"00-0036972","00-0033869","Mac Jones","Mitch Trubisky","Bill Belichick","Mike Tomlin","Land Clark","PIT00","Acrisure Stadium"
"2022_02_ATL_LA",2022,"REG",2,"2022-09-18","Sunday","16:05","ATL",27,"LA",31,"Home",4,58,0,"2022091807",NA,NA,"202209180ram",NA,"401437733",7,10,385,-473,10.5,-113,103,46.5,-116,103,0,"dome","matrixturf",NA,NA,"00-0032268","00-0026498","Marcus Mariota","Matthew Stafford","Arthur Smith","Sean McVay","Clay Martin","LAX01","SoFi Stadium"
"2022_02_SEA_SF",2022,"REG",2,"2022-09-18","Sunday","16:05","SEA",7,"SF",27,"Home",20,34,0,"2022091808",NA,NA,"202209180sfo",NA,"401437605",6,7,318,-379,8.5,-113,102,40,-112,-100,1,"outdoors","grass",NA,NA,"00-0030565","00-0037012","Geno Smith","Trey Lance","Pete Carroll","Kyle Shanahan","Brad Rogers","SFO01","Levi's Stadium"
"2022_02_CIN_DAL",2022,"REG",2,"2022-09-18","Sunday","16:25","CIN",17,"DAL",20,"Home",3,37,0,"2022091809",NA,NA,"202209180dal",NA,"401437734",7,7,-303,260,-7.5,110,-122,42,-104,-108,0,"closed","matrixturf",NA,NA,"00-0036442","00-0033662","Joe Burrow","Cooper Rush","Zac Taylor","Mike McCarthy","Brad Allen","DAL00","AT&T Stadium"
"2022_02_HOU_DEN",2022,"REG",2,"2022-09-18","Sunday","16:25","HOU",9,"DEN",16,"Home",7,25,0,"2022091810",NA,NA,"202209180den",NA,"401437641",7,6,391,-481,10.5,-114,103,46,-110,-102,0,"outdoors","grass",NA,NA,"00-0036898","00-0029263","Davis Mills","Russell Wilson","Lovie Smith","Nathaniel Hackett","Carl Cheffers","DEN00","Empower Field at Mile High"
"2022_02_ARI_LV",2022,"REG",2,"2022-09-18","Sunday","16:25","ARI",29,"LV",23,"Home",-6,52,1,"2022091811",NA,NA,"202209180rai",NA,"401437642",7,7,197,-223,5.5,-110,100,51.5,-105,-107,0,"dome","grass",NA,NA,"00-0035228","00-0031280","Kyler Murray","Derek Carr","Kliff Kingsbury","Josh McDaniels","Clete Blakeman","VEG00","Allegiant Stadium"
"2022_02_CHI_GB",2022,"REG",2,"2022-09-18","Sunday","20:20","CHI",10,"GB",27,"Home",17,37,0,"2022091812",NA,NA,"202209180gnb",NA,"401437606",7,7,348,-420,10.5,-111,100,42,-104,-108,1,"outdoors","grass",NA,NA,"00-0036945","00-0023459","Justin Fields","Aaron Rodgers","Matt Eberflus","Matt LaFleur","Craig Wrolstad","GNB00","Lambeau Field"
"2022_02_TEN_BUF",2022,"REG",2,"2022-09-19","Monday","19:15","TEN",7,"BUF",41,"Home",34,48,0,"2022091900",NA,NA,"202209190buf",NA,"401436831",8,11,329,-395,10,-115,104,47.5,-108,-104,0,"outdoors","a_turf",NA,NA,"00-0029701","00-0034857","Ryan Tannehill","Josh Allen","Mike Vrabel","Sean McDermott","Shawn Smith","BUF00","New Era Field"
"2022_02_MIN_PHI",2022,"REG",2,"2022-09-19","Monday","20:30","MIN",7,"PHI",24,"Home",17,31,0,"2022091901",NA,NA,"202209190phi",NA,"401436832",8,8,127,-141,2.5,106,-117,49.5,-115,102,0,"outdoors","grass",NA,NA,"00-0029604","00-0036389","Kirk Cousins","Jalen Hurts","Kevin O'Connell","Nick Sirianni","Scott Novak","PHI00","Lincoln Financial Field"
"2022_03_PIT_CLE",2022,"REG",3,"2022-09-22","Thursday","20:15","PIT",17,"CLE",29,"Home",12,46,0,"2022092200",NA,NA,"202209220cle",NA,"401437735",4,4,183,-206,4.5,-111,101,38,-107,-105,1,"outdoors","grass",NA,NA,"00-0033869","00-0033119","Mitch Trubisky","Jacoby Brissett","Mike Tomlin","Kevin Stefanski","Clay Martin","CLE00","FirstEnergy Stadium"
"2022_03_NO_CAR",2022,"REG",3,"2022-09-25","Sunday","13:00","NO",14,"CAR",22,"Home",8,36,0,"2022092500",NA,NA,"202209250car",NA,"401437736",7,7,-123,112,-2,-102,-109,41,-112,-100,1,"outdoors","grass",NA,NA,"00-0031503","00-0034855","Jameis Winston","Baker Mayfield","Dennis Allen","Matt Rhule","Carl Cheffers","CAR00","Bank of America Stadium"
"2022_03_HOU_CHI",2022,"REG",3,"2022-09-25","Sunday","13:00","HOU",20,"CHI",23,"Home",3,43,0,"2022092501",NA,NA,"202209250chi",NA,"401437737",7,7,141,-156,3,-107,-103,40,-107,-105,0,"outdoors","grass",NA,NA,"00-0036898","00-0036945","Davis Mills","Justin Fields","Lovie Smith","Matt Eberflus","Clete Blakeman","CHI98","Soldier Field"
"2022_03_KC_IND",2022,"REG",3,"2022-09-25","Sunday","13:00","KC",17,"IND",20,"Home",3,37,0,"2022092502",NA,NA,"202209250clt",NA,"401437638",10,7,-199,177,-4.5,103,-114,51,-105,-107,0,"open","fieldturf",NA,NA,"00-0033873","00-0026143","Patrick Mahomes","Matt Ryan","Andy Reid","Frank Reich","Shawn Smith","IND00","Lucas Oil Stadium"
"2022_03_BUF_MIA",2022,"REG",3,"2022-09-25","Sunday","13:00","BUF",19,"MIA",21,"Home",2,40,0,"2022092503",NA,NA,"202209250mia",NA,"401437738",6,7,-196,175,-4,-104,-106,54,-103,-109,1,"outdoors","grass",NA,NA,"00-0034857","00-0036212","Josh Allen","Tua Tagovailoa","Sean McDermott","Mike McDaniel","Alex Kemp","MIA00","Hard Rock Stadium"
"2022_03_DET_MIN",2022,"REG",3,"2022-09-25","Sunday","13:00","DET",24,"MIN",28,"Home",4,52,0,"2022092504",NA,NA,"202209250min",NA,"401437739",7,6,232,-266,6.5,-101,-110,52,-117,104,1,"dome","sportturf",NA,NA,"00-0033106","00-0029604","Jared Goff","Kirk Cousins","Dan Campbell","Kevin O'Connell","John Hussey","MIN01","U.S. Bank Stadium"
"2022_03_BAL_NE",2022,"REG",3,"2022-09-25","Sunday","13:00","BAL",37,"NE",26,"Home",-11,63,0,"2022092505",NA,NA,"202209250nwe",NA,"401437631",7,7,-143,129,-2.5,-114,104,45.5,-109,-103,0,"outdoors","fieldturf",NA,NA,"00-0034796","00-0036972","Lamar Jackson","Mac Jones","John Harbaugh","Bill Belichick","Bill Vinovich","BOS00","Gillette Stadium"
"2022_03_CIN_NYJ",2022,"REG",3,"2022-09-25","Sunday","13:00","CIN",27,"NYJ",12,"Home",-15,39,0,"2022092506",NA,NA,"202209250nyj",NA,"401437740",7,7,-247,220,-6.5,104,-115,46,-106,-106,0,"outdoors","fieldturf",NA,NA,"00-0036442","00-0026158","Joe Burrow","Joe Flacco","Zac Taylor","Robert Saleh","Jerome Boger","NYC01","MetLife Stadium"
"2022_03_LV_TEN",2022,"REG",3,"2022-09-25","Sunday","13:00","LV",22,"TEN",24,"Home",2,46,0,"2022092507",NA,NA,"202209250oti",NA,"401437741",7,6,-130,117,-1.5,-113,103,45.5,-109,-103,0,"outdoors","grass",NA,NA,"00-0031280","00-0029701","Derek Carr","Ryan Tannehill","Josh McDaniels","Mike Vrabel","Brad Rogers","NAS00","Nissan Stadium"
"2022_03_PHI_WAS",2022,"REG",3,"2022-09-25","Sunday","13:00","PHI",24,"WAS",8,"Home",-16,32,0,"2022092508",NA,NA,"202209250was",NA,"401437742",6,7,-240,210,-6,102,-112,47,-101,-111,1,"outdoors","grass",NA,NA,"00-0036389","00-0032950","Jalen Hurts","Carson Wentz","Nick Sirianni","Ron Rivera","Ron Torbert","WAS00","FedExField"
"2022_03_JAX_LAC",2022,"REG",3,"2022-09-25","Sunday","16:05","JAX",38,"LAC",10,"Home",-28,48,0,"2022092509",NA,NA,"202209250sdg",NA,"401437743",7,10,220,-252,6.5,-106,-104,46,-112,-100,0,"dome","matrixturf",NA,NA,"00-0036971","00-0036355","Trevor Lawrence","Justin Herbery","Doug Pederson","Brandon Staley","Craig Wrolstad","LAX01","SoFi Stadium"
"2022_03_LA_ARI",2022,"REG",3,"2022-09-25","Sunday","16:25","LA",20,"ARI",12,"Home",-8,32,0,"2022092510",NA,NA,"202209250crd",NA,"401437744",7,7,-171,153,-3.5,104,-115,49,-114,102,1,"closed","grass",NA,NA,"00-0026498","00-0035228","Matthew Stafford","Kyler Murray","Sean McVay","Kliff Kingsbury","Adrian Hill","PHO00","State Farm Stadium"
"2022_03_ATL_SEA",2022,"REG",3,"2022-09-25","Sunday","16:25","ATL",27,"SEA",23,"Home",-4,50,0,"2022092511",NA,NA,"202209250sea",NA,"401437745",7,7,-104,-106,1,-112,102,43,103,-115,0,"outdoors","fieldturf",NA,NA,"00-0032268","00-0030565","Marcus Mariota","Geno Smith","Arthur Smith","Pete Carroll","Tra Blake","SEA00","Lumen Field"
"2022_03_GB_TB",2022,"REG",3,"2022-09-25","Sunday","16:25","GB",14,"TB",12,"Home",-2,26,0,"2022092512",NA,NA,"202209250tam",NA,"401437607",7,7,112,-123,1,105,-115,41.5,-103,-109,0,"outdoors","grass",NA,NA,"00-0023459","00-0019596","Aaron Rodgers","Tom Brady","Matt LaFleur","Todd Bowles","Scott Novak","TAM00","Raymond James Stadium"
"2022_03_SF_DEN",2022,"REG",3,"2022-09-25","Sunday","20:20","SF",10,"DEN",11,"Home",1,21,0,"2022092513",NA,NA,"202209250den",NA,"401437746",7,7,-110,-101,-1,-102,-108,44,101,-114,0,"outdoors","grass",NA,NA,"00-0031345","00-0029263","Jimmy Garoppolo","Russell Wilson","Kyle Shanahan","Nathaniel Hackett","Shawn Hochuli","DEN00","Empower Field at Mile High"
"2022_03_DAL_NYG",2022,"REG",3,"2022-09-26","Monday","20:15","DAL",23,"NYG",16,"Home",-7,39,0,"2022092600",NA,NA,"202209260nyg",NA,"401437747",8,8,109,-120,1,103,-113,38.5,-102,-110,1,"outdoors","fieldturf",NA,NA,"00-0033662","00-0035710","Cooper Rush","Daniel Jones","Mike McCarthy","Brian Daboll","Land Clark","NYC01","MetLife Stadium"
"2022_04_MIA_CIN",2022,"REG",4,"2022-09-29","Thursday","20:15","MIA",15,"CIN",27,"Home",12,42,0,"2022092900",NA,NA,"202209290cin",NA,"401437748",4,4,169,-190,4,-107,-103,48.5,-103,-109,0,"outdoors","fieldturf",NA,NA,"00-0036212","00-0036442","Tua Tagovailoa","Joe Burrow","Mike McDaniel","Zac Taylor","Tra Blake","CIN00","Paycor Stadium"
"2022_04_MIN_NO",2022,"REG",4,"2022-10-02","Sunday","09:30","MIN",28,"NO",25,"Neutral",-3,53,0,"2022100200",NA,NA,"202210020nor",NA,"401435639",7,7,-199,177,-4,-103,-107,42,-110,-102,0,"outdoors","",NA,NA,"00-0029604","00-0027973","Kirk Cousins","Andy Dalton","Kevin O'Connell","Dennis Allen","Clete Blakeman","LON02","Tottenham Stadium"
"2022_04_CLE_ATL",2022,"REG",4,"2022-10-02","Sunday","13:00","CLE",20,"ATL",23,"Home",3,43,0,"2022100201",NA,NA,"202210020atl",NA,"401437749",10,7,-107,-103,-1,-101,-109,48,-100,-112,0,"open","fieldturf",NA,NA,"00-0033119","00-0032268","Jacoby Brissett","Marcus Mariota","Kevin Stefanski","Arthur Smith","Craig Wrolstad","ATL97","Mercedes-Benz Stadium"
"2022_04_BUF_BAL",2022,"REG",4,"2022-10-02","Sunday","13:00","BUF",23,"BAL",20,"Home",-3,43,0,"2022100202",NA,NA,"202210020rav",NA,"401437750",7,7,-172,154,-3,-117,106,50,-103,-109,0,"outdoors","grass",NA,NA,"00-0034857","00-0034796","Josh Allen","Lamar Jackson","Sean McDermott","John Harbaugh","Jerome Boger","BAL00","M&T Bank Stadium"
"2022_04_WAS_DAL",2022,"REG",4,"2022-10-02","Sunday","13:00","WAS",10,"DAL",25,"Home",15,35,0,"2022100203",NA,NA,"202210020dal",NA,"401437751",7,6,140,-155,3,-110,-101,40.5,-101,-111,1,"closed","matrixturf",NA,NA,"00-0032950","00-0033662","Carson Wentz","Cooper Rush","Ron Rivera","Mike McCarthy","Shawn Smith","DAL00","AT&T Stadium"
"2022_04_SEA_DET",2022,"REG",4,"2022-10-02","Sunday","13:00","SEA",48,"DET",45,"Home",-3,93,0,"2022100204",NA,NA,"202210020det",NA,"401437752",7,7,151,-169,3,103,-113,48.5,-112,-101,0,"dome","fieldturf",NA,NA,"00-0030565","00-0033106","Geno Smith","Jared Goff","Pete Carroll","Dan Campbell","Clay Martin","DET00","Ford Field"
"2022_04_LAC_HOU",2022,"REG",4,"2022-10-02","Sunday","13:00","LAC",34,"HOU",24,"Home",-10,58,0,"2022100205",NA,NA,"202210020htx",NA,"401437753",7,7,-234,205,-5.5,-106,-104,45,102,-115,0,"closed","astroturf",NA,NA,"00-0036355","00-0036898","Justin Herbert","Davis Mills","Brandon Staley","Lovie Smith","Alex Kemp","HOU00","NRG Stadium"
"2022_04_TEN_IND",2022,"REG",4,"2022-10-02","Sunday","13:00","TEN",24,"IND",17,"Home",-7,41,0,"2022100206",NA,NA,"202210020clt",NA,"401437754",7,7,182,-205,4.5,-105,-105,43,-102,-110,1,"open","fieldturf",NA,NA,"00-0029701","00-0026143","Ryan Tannehill","Matt Ryan","Mike Vrabel","Frank Reich","Scott Novak","IND00","Lucas Oil Stadium"
"2022_04_CHI_NYG",2022,"REG",4,"2022-10-02","Sunday","13:00","CHI",12,"NYG",20,"Home",8,32,0,"2022100207",NA,NA,"202210020nyg",NA,"401437755",7,6,130,-144,3,-120,109,39,-103,-110,0,"outdoors","fieldturf",NA,NA,"00-0036945","00-0035710","Justin Fields","Daniel Jones","Matt Eberflus","Brian Daboll","Carl Cheffers","NYC01","MetLife Stadium"
"2022_04_JAX_PHI",2022,"REG",4,"2022-10-02","Sunday","13:00","JAX",21,"PHI",29,"Home",8,50,0,"2022100208",NA,NA,"202210020phi",NA,"401437756",7,7,223,-256,6.5,-109,-102,44,-102,-111,0,"outdoors","grass",NA,NA,"00-0036971","00-0036389","Trevor Lawrence","Jalen Hurts","Doug Pederson","Nick Sirianni","Shawn Hochuli","PHI00","Lincoln Financial Field"
"2022_04_NYJ_PIT",2022,"REG",4,"2022-10-02","Sunday","13:00","NYJ",24,"PIT",20,"Home",-4,44,0,"2022100209",NA,NA,"202210020pit",NA,"401437757",7,10,145,-161,3,-102,-108,41,102,-115,0,"outdoors","grass",NA,NA,"00-0037013","00-0033869","Zach Wilson","Mitch Trubisky","Robert Saleh","Mike Tomlin","Brad Rogers","PIT00","Acrisure Stadium"
"2022_04_ARI_CAR",2022,"REG",4,"2022-10-02","Sunday","16:05","ARI",26,"CAR",16,"Home",-10,42,0,"2022100210",NA,NA,"202210020car",NA,"401437758",7,7,102,-113,1,-104,-106,44,-113,100,0,"outdoors","grass",NA,NA,"00-0035228","00-0034855","Kyler Murray","Baker Mayfield","Kliff Kingsbury","Matt Rhule","John Hussey","CAR00","Bank of America Stadium"
"2022_04_NE_GB",2022,"REG",4,"2022-10-02","Sunday","16:25","NE",24,"GB",27,"Home",3,51,1,"2022100211",NA,NA,"202210020gnb",NA,"401437759",7,7,358,-435,10,-120,109,40.5,-111,-101,0,"outdoors","grass",NA,NA,"00-0026625","00-0023459","Brian Hoyer","Aaron Rodgers","Bill Belichick","Matt LaFleur","Adrian Hill","GNB00","Lambeau Field"
"2022_04_DEN_LV",2022,"REG",4,"2022-10-02","Sunday","16:25","DEN",23,"LV",32,"Home",9,55,0,"2022100212",NA,NA,"202210020rai",NA,"401437760",7,7,124,-137,2.5,-101,-109,45.5,-110,-102,1,"dome","grass",NA,NA,"00-0029263","00-0031280","Russell Wilson","Derek Carr","Nathaniel Hackett","Josh McDaniels","Land Clark","VEG00","Allegiant Stadium"
"2022_04_KC_TB",2022,"REG",4,"2022-10-02","Sunday","20:20","KC",41,"TB",31,"Home",-10,72,0,"2022100213",NA,NA,"202210020tam",NA,"401437470",7,7,113,-125,1,107,-118,46.5,102,-115,0,"outdoors","grass",NA,NA,"00-0033873","00-0019596","Patrick Mahomes","Tom Brady","Andy Reid","Todd Bowles","Bill Vinovich","TAM00","Raymond James Stadium"
"2022_04_LA_SF",2022,"REG",4,"2022-10-03","Monday","20:15","LA",9,"SF",24,"Home",15,33,0,"2022100300",NA,NA,"202210030sfo",NA,"401437761",8,8,112,-124,1,106,-116,42,-109,-103,1,"outdoors","grass",NA,NA,"00-0026498","00-0031345","Matthew Stafford","Jimmy Garoppolo","Sean McVay","Kyle Shanahan","Brad Allen","SFO01","Levi's Stadium"
"2022_05_IND_DEN",2022,"REG",5,"2022-10-06","Thursday","20:15","IND",12,"DEN",9,"Home",-3,21,1,"2022100600",NA,NA,"202210060den",NA,"401437762",4,4,159,-178,3.5,-114,104,42,-106,-106,0,"outdoors","grass",NA,NA,"00-0026143","00-0029263","Matt Ryan","Russell Wilson","Frank Reich","Nathaniel Hackett","Brad Rogers","DEN00","Empower Field at Mile High"
"2022_05_NYG_GB",2022,"REG",5,"2022-10-09","Sunday","09:30","NYG",27,"GB",22,"Neutral",-5,49,0,"2022100900",NA,NA,"202210090gnb",NA,"401435640",7,7,331,-397,8.5,104,-115,42,-110,-102,0,"outdoors","",NA,NA,"00-0035710","00-0023459","Daniel Jones","Aaron Rodgers","Brian Daboll","Matt LaFleur","Alex Kemp","LON02","Tottenham Stadium"
"2022_05_PIT_BUF",2022,"REG",5,"2022-10-09","Sunday","13:00","PIT",3,"BUF",38,"Home",35,41,0,"2022100901",NA,NA,"202210090buf",NA,"401437763",7,7,568,-749,14,-108,-102,44,-103,-110,0,"outdoors","a_turf",NA,NA,"00-0038102","00-0034857","Kenny Pickett","Josh Allen","Mike Tomlin","Sean McDermott","John Hussey","BUF00","New Era Field"
"2022_05_LAC_CLE",2022,"REG",5,"2022-10-09","Sunday","13:00","LAC",30,"CLE",28,"Home",-2,58,0,"2022100902",NA,NA,"202210090cle",NA,"401437764",7,7,-114,103,-1,-106,-104,47,-114,102,0,"outdoors","grass",NA,NA,"00-0036355","00-0033119","Justin Herbert","Jacoby Brissett","Brandon Staley","Kevin Stefanski","Adrian Hill","CLE00","FirstEnergy Stadium"
"2022_05_HOU_JAX",2022,"REG",5,"2022-10-09","Sunday","13:00","HOU",13,"JAX",6,"Home",-7,19,0,"2022100903",NA,NA,"202210090jax",NA,"401437765",7,7,261,-304,7,-113,102,44,-112,-101,1,"outdoors","grass",NA,NA,"00-0036898","00-0036971","Davis Mills","Trevor Lawrence","Lovie Smith","Doug Pederson","Ron Torbert","JAX00","TIAA Bank Stadium"
"2022_05_CHI_MIN",2022,"REG",5,"2022-10-09","Sunday","13:00","CHI",22,"MIN",29,"Home",7,51,0,"2022100904",NA,NA,"202210090min",NA,"401437766",7,7,322,-385,10,-116,105,44,-106,-106,1,"dome","sportturf",NA,NA,"00-0036945","00-0029604","Justin Fields","Kirk Cousins","Matt Eberflus","Kevin O'Connell","Shawn Hochuli","MIN01","U.S. Bank Stadium"
"2022_05_DET_NE",2022,"REG",5,"2022-10-09","Sunday","13:00","DET",0,"NE",29,"Home",29,29,0,"2022100905",NA,NA,"202210090nwe",NA,"401437767",7,7,133,-148,3,-113,102,46.5,101,-114,0,"outdoors","fieldturf",NA,NA,"00-0033106","00-0038108","Jared Goff","Bailey Zappe","Dan Campbell","Bill Belichick","Craig Wrolstad","BOS00","Gillette Stadium"
"2022_05_SEA_NO",2022,"REG",5,"2022-10-09","Sunday","13:00","SEA",32,"NO",39,"Home",7,71,0,"2022100906",NA,NA,"202210090nor",NA,"401437768",7,7,201,-229,5.5,-106,-104,45.5,-113,100,0,"dome","sportturf",NA,NA,"00-0030565","00-0027973","Geno Smith","Andy Dalton","Pete Carroll","Dennis Allen","Brad Allen","NOR00","Mercedes-Benz Superdome"
"2022_05_MIA_NYJ",2022,"REG",5,"2022-10-09","Sunday","13:00","MIA",17,"NYJ",40,"Home",23,57,0,"2022100907",NA,NA,"202210090nyj",NA,"401437769",10,7,-162,146,-3,-110,100,46,-101,-111,1,"outdoors","fieldturf",NA,NA,"00-0031237","00-0037013","Teddy Bridgewater","Zach Wilson","Mike McDaniel","Robert Saleh","Clay Martin","NYC01","MetLife Stadium"
"2022_05_ATL_TB",2022,"REG",5,"2022-10-09","Sunday","13:00","ATL",15,"TB",21,"Home",6,36,0,"2022100908",NA,NA,"202210090tam",NA,"401437770",7,7,355,-430,10.5,-113,102,46,101,-113,1,"outdoors","grass",NA,NA,"00-0032268","00-0019596","Marcus Mariota","Tom Brady","Arthur Smith","Todd Bowles","Jerome Boger","TAM00","Raymond James Stadium"
"2022_05_TEN_WAS",2022,"REG",5,"2022-10-09","Sunday","13:00","TEN",21,"WAS",17,"Home",-4,38,0,"2022100909",NA,NA,"202210090was",NA,"401437771",7,7,-110,-100,-1,-102,-108,43,-106,-106,0,"outdoors","grass",NA,NA,"00-0029701","00-0032950","Ryan Tannehill","Carson Wentz","Mike Vrabel","Ron Rivera","Land Clark","WAS00","FedExField"
"2022_05_SF_CAR",2022,"REG",5,"2022-10-09","Sunday","16:05","SF",37,"CAR",15,"Home",-22,52,0,"2022100910",NA,NA,"202210090car",NA,"401437772",6,7,-234,206,-6,-102,-109,40,-104,-108,0,"outdoors","grass",NA,NA,"00-0031345","00-0034855","Jimmy Garoppolo","Baker Mayfield","Kyle Shanahan","Matt Rhule","Shawn Smith","CAR00","Bank of America Stadium"
"2022_05_PHI_ARI",2022,"REG",5,"2022-10-09","Sunday","16:25","PHI",20,"ARI",17,"Home",-3,37,0,"2022100911",NA,NA,"202210090crd",NA,"401437773",7,7,-222,196,-5.5,101,-111,48.5,101,-113,0,"closed","grass",NA,NA,"00-0036389","00-0035228","Jalen Hurts","Kyler Murray","Nick Sirianni","Kliff Kingsbury","Tra Blake","PHO00","State Farm Stadium"
"2022_05_DAL_LA",2022,"REG",5,"2022-10-09","Sunday","16:25","DAL",22,"LA",10,"Home",-12,32,0,"2022100912",NA,NA,"202210090ram",NA,"401437774",7,6,195,-220,5.5,-112,102,42,-106,-106,0,"dome","matrixturf",NA,NA,"00-0033662","00-0026498","Cooper Rush","Matthew Stafford","Mike McCarthy","Sean McVay","Bill Vinovich","LAX01","SoFi Stadium"
"2022_05_CIN_BAL",2022,"REG",5,"2022-10-09","Sunday","20:20","CIN",17,"BAL",19,"Home",2,36,0,"2022100913",NA,NA,"202210090rav",NA,"401437775",10,7,151,-168,3,103,-114,47.5,-104,-108,1,"outdoors","grass",NA,NA,"00-0036442","00-0034796","Joe Burrow","Lamar Jackson","Zac Taylor","John Harbaugh","Scott Novak","BAL00","M&T Bank Stadium"
"2022_05_LV_KC",2022,"REG",5,"2022-10-10","Monday","20:15","LV",29,"KC",30,"Home",1,59,0,"2022101000",NA,NA,"202210100kan",NA,"401437776",8,8,275,-321,7.5,-125,113,51.5,-109,-103,1,"outdoors","grass",NA,NA,"00-0031280","00-0033873","Derek Carr","Patrick Mahomes","Josh McDaniels","Andy Reid","Carl Cheffers","KAN00","GEHA Field at Arrowhead Stadium"
"2022_06_WAS_CHI",2022,"REG",6,"2022-10-13","Thursday","20:15","WAS",12,"CHI",7,"Home",-5,19,0,"2022101300",NA,NA,"202210130chi",NA,"401437777",4,4,-120,109,-1,-112,102,38.5,-105,-107,0,"outdoors","grass",NA,NA,"00-0032950","00-0036945","Carson Wentz","Justin Fields","Ron Rivera","Matt Eberflus","Adrian Hill","CHI98","Soldier Field"
"2022_06_SF_ATL",2022,"REG",6,"2022-10-16","Sunday","13:00","SF",14,"ATL",28,"Home",14,42,0,"2022101600",NA,NA,"202210160atl",NA,"401437778",7,7,-185,166,-3.5,-100,-110,46,-109,-103,0,"open","fieldturf",NA,NA,"00-0031345","00-0032268","Jimmy Garoppolo","Marcus Mariota","Kyle Shanahan","Arthur Smith","Carl Cheffers","ATL97","Mercedes-Benz Stadium"
"2022_06_NE_CLE",2022,"REG",6,"2022-10-16","Sunday","13:00","NE",38,"CLE",15,"Home",-23,53,0,"2022101601",NA,NA,"202210160cle",NA,"401437779",7,7,127,-140,2.5,101,-111,43,-104,-108,0,"outdoors","grass",NA,NA,"00-0038108","00-0033119","Bailey Zappe","Jacoby Brissett","Bill Belichick","Kevin Stefanski","Scott Novak","CLE00","FirstEnergy Stadium"
"2022_06_NYJ_GB",2022,"REG",6,"2022-10-16","Sunday","13:00","NYJ",27,"GB",10,"Home",-17,37,0,"2022101602",NA,NA,"202210160gnb",NA,"401437780",7,7,305,-362,7.5,-101,-109,44.5,-101,-111,0,"outdoors","grass",NA,NA,"00-0037013","00-0023459","Zach Wilson","Aaron Rodgers","Robert Saleh","Matt LaFleur","Clete Blakeman","GNB00","Lambeau Field"
"2022_06_JAX_IND",2022,"REG",6,"2022-10-16","Sunday","13:00","JAX",27,"IND",34,"Home",7,61,0,"2022101603",NA,NA,"202210160clt",NA,"401437781",7,10,110,-122,1,103,-114,41,100,-113,1,"open","fieldturf",NA,NA,"00-0036971","00-0026143","Trevor Lawrence","Matt Ryan","Doug Pederson","Frank Reich","Jerome Boger","IND00","Lucas Oil Stadium"
"2022_06_MIN_MIA",2022,"REG",6,"2022-10-16","Sunday","13:00","MIN",24,"MIA",16,"Home",-8,40,0,"2022101604",NA,NA,"202210160mia",NA,"401437782",7,7,-175,157,-3,-120,109,45,-107,-105,0,"outdoors","grass",NA,NA,"00-0029604","00-0031237","Kirk Cousins","Teddy Bridgewater","Kevin O'Connell","Mike McDaniel","Brad Rogers","MIA00","Hard Rock Stadium"
"2022_06_CIN_NO",2022,"REG",6,"2022-10-16","Sunday","13:00","CIN",30,"NO",26,"Home",-4,56,0,"2022101605",NA,NA,"202210160nor",NA,"401437783",7,7,-164,148,-3,-110,100,42.5,-104,-108,0,"dome","sportturf",NA,NA,"00-0036442","00-0027973","Joe Burrow","Andy Dalton","Zac Taylor","Dennis Allen","Land Clark","NOR00","Mercedes-Benz Superdome"
"2022_06_BAL_NYG",2022,"REG",6,"2022-10-16","Sunday","13:00","BAL",20,"NYG",24,"Home",4,44,0,"2022101606",NA,NA,"202210160nyg",NA,"401437784",7,7,-234,206,-5.5,-107,-103,46,-110,-102,0,"outdoors","fieldturf",NA,NA,"00-0034796","00-0035710","Lamar Jackson","Daniel Jones","John Harbaugh","Brian Daboll","Clay Martin","NYC01","MetLife Stadium"
"2022_06_TB_PIT",2022,"REG",6,"2022-10-16","Sunday","13:00","TB",18,"PIT",20,"Home",2,38,0,"2022101607",NA,NA,"202210160pit",NA,"401437785",7,7,-386,323,-10,103,-113,47,-117,104,0,"outdoors","grass",NA,NA,"00-0019596","00-0038102","Tom Brady","Kenny Pickett","Todd Bowles","Mike Tomlin","Shawn Smith","PIT00","Acrisure Stadium"
"2022_06_CAR_LA",2022,"REG",6,"2022-10-16","Sunday","16:05","CAR",10,"LA",24,"Home",14,34,0,"2022101608",NA,NA,"202210160ram",NA,"401437786",7,7,343,-413,10,-112,102,41.5,-109,-103,0,"dome","matrixturf",NA,NA,"00-0033275","00-0026498","Phillip Walker","Matthew Stafford","Steve Wilks","Sean McVay","Tra Blake","LAX01","SoFi Stadium"
"2022_06_ARI_SEA",2022,"REG",6,"2022-10-16","Sunday","16:05","ARI",9,"SEA",19,"Home",10,28,0,"2022101609",NA,NA,"202210160sea",NA,"401437787",7,7,-136,123,-2.5,-106,-104,50,-102,-110,1,"outdoors","fieldturf",NA,NA,"00-0035228","00-0030565","Kyler Murray","Geno Smith","Kliff Kingsbury","Pete Carroll","Shawn Hochuli","SEA00","Lumen Field"
"2022_06_BUF_KC",2022,"REG",6,"2022-10-16","Sunday","16:25","BUF",24,"KC",20,"Home",-4,44,0,"2022101610",NA,NA,"202210160kan",NA,"401437788",7,6,-146,132,-2.5,-116,105,54,-105,-107,0,"outdoors","grass",NA,NA,"00-0034857","00-0033873","Josh Allen","Patrick Mahomes","Sean McDermott","Andy Reid","Brad Allen","KAN00","GEHA Field at Arrowhead Stadium"
"2022_06_DAL_PHI",2022,"REG",6,"2022-10-16","Sunday","20:20","DAL",17,"PHI",26,"Home",9,43,0,"2022101611",NA,NA,"202210160phi",NA,"401437789",7,7,252,-292,6.5,109,-120,42.5,-104,-108,1,"outdoors","grass",NA,NA,"00-0033662","00-0036389","Cooper Rush","Jalen Hurts","Mike McCarthy","Nick Sirianni","John Hussey","PHI00","Lincoln Financial Field"
"2022_06_DEN_LAC",2022,"REG",6,"2022-10-17","Monday","20:15","DEN",16,"LAC",19,"Home",3,35,1,"2022101700",NA,NA,"202210170sdg",NA,"401437790",11,8,166,-186,3.5,-103,-107,45.5,-115,102,1,"dome","matrixturf",NA,NA,"00-0029263","00-0036355","Russell Wilson","Justin Herbert","Nathaniel Hackett","Brandon Staley","Ron Torbert","LAX01","SoFi Stadium"
"2022_07_NO_ARI",2022,"REG",7,"2022-10-20","Thursday","20:15","NO",34,"ARI",42,"Home",8,76,0,"2022102000",NA,NA,"202210200crd",NA,"401437791",4,4,126,-140,2.5,-101,-109,44,-114,101,0,"open","grass",NA,NA,"00-0027973","00-0035228","Andy Dalton","Kyler Murray","Dennis Allen","Kliff Kingsbury","Jerome Boger","PHO00","State Farm Stadium"
"2022_07_CLE_BAL",2022,"REG",7,"2022-10-23","Sunday","13:00","CLE",20,"BAL",23,"Home",3,43,0,"2022102300",NA,NA,"202210230rav",NA,"401437792",7,7,244,-282,6.5,100,-110,46,-100,-112,1,"outdoors","grass",NA,NA,"00-0033119","00-0034796","Jacoby Brissett","Lamar Jackson","Kevin Stefanski","John Harbaugh","Shawn Smith","BAL00","M&T Bank Stadium"
"2022_07_TB_CAR",2022,"REG",7,"2022-10-23","Sunday","13:00","TB",3,"CAR",21,"Home",18,24,0,"2022102301",NA,NA,"202210230car",NA,"401437793",7,7,-680,524,-13,-103,-107,39.5,-116,103,1,"outdoors","grass",NA,NA,"00-0019596","00-0033275","Tom Brady","Phillip Walker","Todd Bowles","Steve Wilks","Craig Wrolstad","CAR00","Bank of America Stadium"
"2022_07_ATL_CIN",2022,"REG",7,"2022-10-23","Sunday","13:00","ATL",17,"CIN",35,"Home",18,52,0,"2022102302",NA,NA,"202210230cin",NA,"401437794",7,7,235,-271,6.5,-100,-110,47.5,100,-112,0,"outdoors","fieldturf",NA,NA,"00-0032268","00-0036442","Marcus Mariota","Joe Burrow","Arthur Smith","Zac Taylor","Clete Blakeman","CIN00","Paycor Stadium"
"2022_07_DET_DAL",2022,"REG",7,"2022-10-23","Sunday","13:00","DET",6,"DAL",24,"Home",18,30,0,"2022102303",NA,NA,"202210230dal",NA,"401437795",14,7,241,-278,7,-112,102,49.5,-102,-110,0,"closed","matrixturf",NA,NA,"00-0033106","00-0033077","Jared Goff","Dak Prescott","Dan Campbell","Mike McCarthy","Adrian Hill","DAL00","AT&T Stadium"
"2022_07_NYG_JAX",2022,"REG",7,"2022-10-23","Sunday","13:00","NYG",23,"JAX",17,"Home",-6,40,0,"2022102304",NA,NA,"202210230jax",NA,"401437796",7,7,148,-165,3,102,-112,44,-105,-107,0,"outdoors","grass",NA,NA,"00-0035710","00-0036971","Daniel Jones","Trevor Lawrence","Brian Daboll","Doug Pederson","Tra Blake","JAX00","TIAA Bank Stadium"
"2022_07_IND_TEN",2022,"REG",7,"2022-10-23","Sunday","13:00","IND",10,"TEN",19,"Home",9,29,0,"2022102305",NA,NA,"202210230oti",NA,"401437797",7,14,129,-143,2.5,-102,-108,43,-104,-109,1,"outdoors","grass",NA,NA,"00-0026143","00-0029701","Matt Ryan","Ryan Tannehill","Frank Reich","Mike Vrabel","Ron Torbert","NAS00","Nissan Stadium"
"2022_07_GB_WAS",2022,"REG",7,"2022-10-23","Sunday","13:00","GB",21,"WAS",23,"Home",2,44,0,"2022102306",NA,NA,"202210230was",NA,"401437798",7,10,-195,173,-4,-102,-108,41.5,-105,-107,0,"outdoors","grass",NA,NA,"00-0023459","00-0031800","Aaron Rodgers","Taylor Heinicke","Matt LaFleur","Ron Rivera","Clay Martin","WAS00","FedExField"
"2022_07_NYJ_DEN",2022,"REG",7,"2022-10-23","Sunday","16:05","NYJ",16,"DEN",9,"Home",-7,25,0,"2022102307",NA,NA,"202210230den",NA,"401437799",7,6,-127,115,-2,-106,-104,37,-114,101,0,"outdoors","grass",NA,NA,"00-0037013","00-0034955","Zach Wilson","Brett Rypien","Robert Saleh","Nathaniel Hackett","Bill Vinovich","DEN00","Empower Field at Mile High"
"2022_07_HOU_LV",2022,"REG",7,"2022-10-23","Sunday","16:05","HOU",20,"LV",38,"Home",18,58,0,"2022102308",NA,NA,"202210230rai",NA,"401437800",14,13,278,-325,7,104,-115,46,-104,-108,0,"dome","grass",NA,NA,"00-0036898","00-0031280","Davis Mills","Derek Carr","Lovie Smith","Josh McDaniels","John Hussey","VEG00","Allegiant Stadium"
"2022_07_SEA_LAC",2022,"REG",7,"2022-10-23","Sunday","16:25","SEA",37,"LAC",23,"Home",-14,60,0,"2022102309",NA,NA,"202210230sdg",NA,"401437801",7,6,193,-219,5.5,-111,101,51.5,-114,101,0,"dome","matrixturf",NA,NA,"00-0030565","00-0036355","Geno Smith","Justin Herbert","Pete Carroll","Brandon Staley","Land Clark","LAX01","SoFi Stadium"
"2022_07_KC_SF",2022,"REG",7,"2022-10-23","Sunday","16:25","KC",44,"SF",23,"Home",-21,67,0,"2022102310",NA,NA,"202210230sfo",NA,"401437802",7,7,-106,-104,-1,102,-112,49,-114,101,0,"outdoors","",NA,NA,"00-0033873","00-0031345","Patrick Mahomes","Jimmy Garoppolo","Andy Reid","Kyle Shanahan","Alex Kemp","SFO01","Levi's Stadium"
"2022_07_PIT_MIA",2022,"REG",7,"2022-10-23","Sunday","20:20","PIT",10,"MIA",16,"Home",6,26,0,"2022102311",NA,NA,"202210230mia",NA,"401437803",7,7,255,-297,7.5,-119,108,44.5,-107,-105,0,"outdoors","grass",NA,NA,"00-0038102","00-0036212","Kenny Pickett","Tua Tagovailoa","Mike Tomlin","Mike McDaniel","Scott Novak","MIA00","Hard Rock Stadium"
"2022_07_CHI_NE",2022,"REG",7,"2022-10-24","Monday","20:15","CHI",33,"NE",14,"Home",-19,47,0,"2022102400",NA,NA,"202210240nwe",NA,"401437804",11,8,327,-392,9.5,-110,-100,40,-106,-106,0,"outdoors","fieldturf",NA,NA,"00-0036945","00-0036972","Justin Fields","Mac Jones","Matt Eberflus","Bill Belichick","Brad Allen","BOS00","Gillette Stadium"
"2022_08_BAL_TB",2022,"REG",8,"2022-10-27","Thursday","20:15","BAL",27,"TB",22,"Home",-5,49,0,"2022102700",NA,NA,"202210270tam",NA,"401437805",4,4,116,-128,2,-104,-106,46,-102,-110,0,"outdoors","grass",NA,NA,"00-0034796","00-0019596","Lamar Jackson","Tom Brady","John Harbaugh","Todd Bowles","Carl Cheffers","TAM00","Raymond James Stadium"
"2022_08_DEN_JAX",2022,"REG",8,"2022-10-30","Sunday","09:30","DEN",21,"JAX",17,"Neutral",-4,38,0,"2022103000",NA,NA,"202210300jax",NA,"401435641",7,7,-103,-107,1,-112,101,41,-103,-109,0,"outdoors","",NA,NA,"00-0029263","00-0036971","Russell Wilson","Trevor Lawrence","Nathaniel Hackett","Doug Pederson","Adrian Hill","LON00","Wembley Stadium"
"2022_08_CAR_ATL",2022,"REG",8,"2022-10-30","Sunday","13:00","CAR",34,"ATL",37,"Home",3,71,1,"2022103001",NA,NA,"202210300atl",NA,"401437806",7,7,178,-201,4.5,-110,-100,41,-106,-106,1,"closed","fieldturf",NA,NA,"00-0033275","00-0032268","Phillip Walker","Marcus Mariota","Steve Wilks","Arthur Smith","Shawn Hochuli","ATL97","Mercedes-Benz Stadium"
"2022_08_CHI_DAL",2022,"REG",8,"2022-10-30","Sunday","13:00","CHI",29,"DAL",49,"Home",20,78,0,"2022103002",NA,NA,"202210300dal",NA,"401437807",6,7,355,-430,10.5,-121,109,43,-108,-104,0,"open","matrixturf",NA,NA,"00-0036945","00-0033077","Justin Fields","Dak Prescott","Matt Eberflus","Mike McCarthy","Brad Rogers","DAL00","AT&T Stadium"
"2022_08_MIA_DET",2022,"REG",8,"2022-10-30","Sunday","13:00","MIA",31,"DET",27,"Home",-4,58,0,"2022103003",NA,NA,"202210300det",NA,"401437808",7,7,-190,169,-3.5,-112,102,52,-108,-104,0,"dome","fieldturf",NA,NA,"00-0036212","00-0033106","Tua Tagovailoa","Jared Goff","Mike McDaniel","Dan Campbell","Alex Kemp","DET00","Ford Field"
"2022_08_ARI_MIN",2022,"REG",8,"2022-10-30","Sunday","13:00","ARI",26,"MIN",34,"Home",8,60,0,"2022103004",NA,NA,"202210300min",NA,"401437809",10,14,177,-199,4,-105,-105,48.5,-106,-106,0,"dome","sportturf",NA,NA,"00-0035228","00-0029604","Kyler Murray","Kirk Cousins","Kliff Kingsbury","Kevin O'Connell","Brad Allen","MIN01","U.S. Bank Stadium"
"2022_08_LV_NO",2022,"REG",8,"2022-10-30","Sunday","13:00","LV",0,"NO",24,"Home",24,24,0,"2022103005",NA,NA,"202210300nor",NA,"401437810",7,10,-119,108,-1,-111,101,48.5,-111,-101,0,"dome","sportturf",NA,NA,"00-0031280","00-0031503","Derek Carr","Jameis Winston","Josh McDaniels","Dennis Allen","Scott Novak","NOR00","Mercedes-Benz Superdome"
"2022_08_NE_NYJ",2022,"REG",8,"2022-10-30","Sunday","13:00","NE",22,"NYJ",17,"Home",-5,39,0,"2022103006",NA,NA,"202210300nyj",NA,"401437811",6,7,-155,140,-3,-103,-107,40,-102,-110,1,"outdoors","fieldturf",NA,NA,"00-0036972","00-0037013","Mac Jones","Zach Wilson","Bill Belichick","Robert Saleh","Shawn Smith","NYC01","MetLife Stadium"
"2022_08_PIT_PHI",2022,"REG",8,"2022-10-30","Sunday","13:00","PIT",13,"PHI",35,"Home",22,48,0,"2022103007",NA,NA,"202210300phi",NA,"401437812",7,14,397,-490,11,102,-112,43,-110,-102,0,"outdoors","grass",NA,NA,"00-0038102","00-0036389","Kenny Pickett","Jalen Hurts","Mike Tomlin","Nick Sirianni","Clete Blakeman","PHI00","Lincoln Financial Field"
"2022_08_TEN_HOU",2022,"REG",8,"2022-10-30","Sunday","16:05","TEN",17,"HOU",10,"Home",-7,27,0,"2022103008",NA,NA,"202210300htx",NA,"401437813",7,7,-115,104,-1,-107,-103,39,-102,-110,1,"closed","astroturf",NA,NA,"00-0038128","00-0036898","Malik Willis","Davis Mills","Mike Vrabel","Lovie Smith","Clay Martin","HOU00","NRG Stadium"
"2022_08_WAS_IND",2022,"REG",8,"2022-10-30","Sunday","16:25","WAS",17,"IND",16,"Home",-1,33,0,"2022103009",NA,NA,"202210300clt",NA,"401437814",7,7,136,-151,3,-114,103,40.5,-110,-102,0,"closed","fieldturf",NA,NA,"00-0031800","00-0036879","Taylor Heinicke","Sam Ehlinger","Ron Rivera","Frank Reich","Craig Wrolstad","IND00","Lucas Oil Stadium"
"2022_08_SF_LA",2022,"REG",8,"2022-10-30","Sunday","16:25","SF",31,"LA",14,"Home",-17,45,0,"2022103010",NA,NA,"202210300ram",NA,"401437815",7,14,-104,-106,-1,103,-114,42,-103,-109,1,"dome","matrixturf",NA,NA,"00-0031345","00-0026498","Jimmy Garoppolo","Matthew Stafford","Kyle Shanahan","Sean McVay","John Hussey","LAX01","SoFi Stadium"
"2022_08_NYG_SEA",2022,"REG",8,"2022-10-30","Sunday","16:25","NYG",13,"SEA",27,"Home",14,40,0,"2022103011",NA,NA,"202210300sea",NA,"401437816",7,7,147,-164,3,-100,-110,44.5,-110,-102,0,"outdoors","fieldturf",NA,NA,"00-0035710","00-0030565","Daniel Jones","Geno Smith","Brian Daboll","Pete Carroll","Jerome Boger","SEA00","Lumen Field"
"2022_08_GB_BUF",2022,"REG",8,"2022-10-30","Sunday","20:20","GB",17,"BUF",27,"Home",10,44,0,"2022103012",NA,NA,"202210300buf",NA,"401437817",7,14,365,-445,10.5,-110,100,47,-104,-108,0,"outdoors","a_turf",NA,NA,"00-0023459","00-0034857","Aaron Rodgers","Josh Allen","Matt LaFleur","Sean McDermott","Ron Torbert","BUF00","New Era Field"
"2022_08_CIN_CLE",2022,"REG",8,"2022-10-31","Monday","20:15","CIN",13,"CLE",32,"Home",19,45,0,"2022103100",NA,NA,"202210310cle",NA,"401437818",8,8,-163,147,-3,-112,102,45,-102,-110,1,"outdoors","grass",66,9,"00-0036442","00-0033119","Joe Burrow","Jacoby Brissett","Zac Taylor","Kevin Stefanski","Bill Vinovich","CLE00","FirstEnergy Stadium"
"2022_09_PHI_HOU",2022,"REG",9,"2022-11-03","Thursday","20:15","PHI",29,"HOU",17,"Home",-12,46,0,"2022110300",NA,NA,"202211030htx",NA,"401437819",4,4,-702,539,-14,102,-113,45.5,-112,-101,0,"closed","astroturf",NA,NA,"00-0036389","00-0036898","Jalen Hurts","Davis Mills","Nick Sirianni","Lovie Smith","Craig Wrolstad","HOU00","NRG Stadium"
"2022_09_LAC_ATL",2022,"REG",9,"2022-11-06","Sunday","13:00","LAC",20,"ATL",17,"Home",-3,37,0,"2022110600",NA,NA,"202211060atl",NA,"401437820",14,7,-143,130,-2.5,-114,103,49.5,-105,-107,0,"open","fieldturf",NA,NA,"00-0036355","00-0032268","Justin Herbert","Marcus Mariota","Brandon Staley","Arthur Smith","John Hussey","ATL97","Mercedes-Benz Stadium"
"2022_09_MIA_CHI",2022,"REG",9,"2022-11-06","Sunday","13:00","MIA",35,"CHI",32,"Home",-3,67,0,"2022110601",NA,NA,"202211060chi",NA,"401437821",7,7,-193,172,-4,-103,-107,46,-104,-108,0,"outdoors","grass",58,17,"00-0036212","00-0036945","Tua Tagovailoa","Justin Fields","Mike McDaniel","Matt Eberflus","Ron Torbert","CHI98","Soldier Field"
"2022_09_CAR_CIN",2022,"REG",9,"2022-11-06","Sunday","13:00","CAR",21,"CIN",42,"Home",21,63,0,"2022110602",NA,NA,"202211060cin",NA,"401437822",7,6,282,-331,7,-100,-110,43,-114,101,0,"outdoors","fieldturf",68,11,"00-0033275","00-0036442","Phillip Walker","Joe Burrow","Steve Wilks","Zac Taylor","Alex Kemp","CIN00","Paycor Stadium"
"2022_09_GB_DET",2022,"REG",9,"2022-11-06","Sunday","13:00","GB",9,"DET",15,"Home",6,24,0,"2022110603",NA,NA,"202211060det",NA,"401437823",7,7,-191,170,-4,-107,-103,49.5,-107,-105,1,"dome","fieldturf",NA,NA,"00-0023459","00-0033106","Aaron Rodgers","Jared Goff","Matt LaFleur","Dan Campbell","Tra Blake","DET00","Ford Field"
"2022_09_LV_JAX",2022,"REG",9,"2022-11-06","Sunday","13:00","LV",20,"JAX",27,"Home",7,47,0,"2022110604",NA,NA,"202211060jax",NA,"401437824",7,7,-129,116,-2.5,-102,-108,47.5,105,-118,0,"outdoors","grass",81,14,"00-0031280","00-0036971","Derek Carr","Trevor Lawrence","Josh McDaniels","Doug Pederson","Bill Vinovich","JAX00","TIAA Bank Stadium"
"2022_09_IND_NE",2022,"REG",9,"2022-11-06","Sunday","13:00","IND",3,"NE",26,"Home",23,29,0,"2022110605",NA,NA,"202211060nwe",NA,"401437825",7,7,188,-212,5,-115,104,40,-109,-103,0,"outdoors","fieldturf",78,13,"00-0036879","00-0036972","Sam Ehlinger","Mac Jones","Frank Reich","Bill Belichick","Clay Martin","BOS00","Gillette Stadium"
"2022_09_BUF_NYJ",2022,"REG",9,"2022-11-06","Sunday","13:00","BUF",17,"NYJ",20,"Home",3,37,0,"2022110606",NA,NA,"202211060nyj",NA,"401437826",7,7,-494,400,-11,103,-114,46,-102,-110,1,"outdoors","fieldturf",69,17,"00-0034857","00-0037013","Josh Allen","Zach Wilson","Sean McDermott","Robert Saleh","Land Clark","NYC01","MetLife Stadium"
"2022_09_MIN_WAS",2022,"REG",9,"2022-11-06","Sunday","13:00","MIN",20,"WAS",17,"Home",-3,37,0,"2022110607",NA,NA,"202211060was",NA,"401437827",7,7,-169,151,-3,-119,108,43.5,-106,-106,0,"outdoors","grass",71,11,"00-0029604","00-0031800","Kirk Cousins","Taylor Heinicke","Kevin O'Connell","Ron Rivera","Jerome Boger","WAS00","FedExField"
"2022_09_SEA_ARI",2022,"REG",9,"2022-11-06","Sunday","16:05","SEA",31,"ARI",21,"Home",-10,52,0,"2022110608",NA,NA,"202211060crd",NA,"401437828",7,7,116,-128,1.5,102,-113,49.5,-115,103,1,"open","grass",NA,NA,"00-0030565","00-0035228","Geno Smith","Kyler Murray","Pete Carroll","Kliff Kingsbury","Carl Cheffers","PHO00","State Farm Stadium"
"2022_09_LA_TB",2022,"REG",9,"2022-11-06","Sunday","16:25","LA",13,"TB",16,"Home",3,29,0,"2022110609",NA,NA,"202211060tam",NA,"401437829",7,10,142,-158,3,-104,-106,43,-108,-104,0,"outdoors","grass",88,2,"00-0026498","00-0019596","Matthew Stafford","Tom Brady","Sean McVay","Todd Bowles","Shawn Hochuli","TAM00","Raymond James Stadium"
"2022_09_TEN_KC",2022,"REG",9,"2022-11-06","Sunday","20:20","TEN",17,"KC",20,"Home",3,37,1,"2022110610",NA,NA,"202211060kan",NA,"401437830",7,14,530,-689,14,-107,-103,45,-106,-106,0,"outdoors","grass",54,7,"00-0038128","00-0033873","Malik Willis","Patrick Mahomes","Mike Vrabel","Andy Reid","Clete Blakeman","KAN00","GEHA Field at Arrowhead Stadium"
"2022_09_BAL_NO",2022,"REG",9,"2022-11-07","Monday","20:15","BAL",27,"NO",13,"Home",-14,40,0,"2022110700",NA,NA,"202211070nor",NA,"401437831",11,8,-124,112,-1,-117,106,46,-108,-104,0,"dome","sportturf",NA,NA,"00-0034796","00-0027973","Lamar Jackson","Andy Dalton","John Harbaugh","Dennis Allen","Brad Rogers","NOR00","Mercedes-Benz Superdome"
"2022_10_ATL_CAR",2022,"REG",10,"2022-11-10","Thursday","20:15","ATL",15,"CAR",25,"Home",10,40,0,"2022111000",NA,NA,"202211100car",NA,"401437832",4,4,-132,119,-2.5,-103,-107,41.5,-106,-106,1,"outdoors","grass",61,12,"00-0032268","00-0033275","Marcus Mariota","Phillip Walker","Arthur Smith","Steve Wilks","Adrian Hill","CAR00","Bank of America Stadium"
"2022_10_SEA_TB",2022,"REG",10,"2022-11-13","Sunday","09:30","SEA",NA,"TB",NA,"Neutral",NA,NA,NA,"2022111300",NA,NA,"202211130tam",NA,"401435638",7,7,121,-137,2.5,-106,-106,44,101,-114,0,"outdoors",NA,NA,NA,"00-0030565","00-0019596","Geno Smith","Tom Brady","Pete Carroll","Todd Bowles",NA,"GER00","Allianz Arena"
"2022_10_MIN_BUF",2022,"REG",10,"2022-11-13","Sunday","13:00","MIN",NA,"BUF",NA,"Home",NA,NA,NA,"2022111301",NA,NA,"202211130buf",NA,"401437833",7,7,145,-163,3.5,-123,109,42.5,-106,-106,0,"outdoors","astroturf",NA,NA,"00-0029604","00-0028986","Kirk Cousins","Case Keenum","Kevin O'Connell","Sean McDermott",NA,"BUF00","New Era Field"
"2022_10_DET_CHI",2022,"REG",10,"2022-11-13","Sunday","13:00","DET",NA,"CHI",NA,"Home",NA,NA,NA,"2022111302",NA,NA,"202211130chi",NA,"401437834",7,7,131,-146,2.5,102,-115,48,-104,-108,1,"outdoors","grass",NA,NA,"00-0033106","00-0036945","Jared Goff","Justin Fields","Dan Campbell","Matt Eberflus",NA,"CHI98","Soldier Field"
"2022_10_JAX_KC",2022,"REG",10,"2022-11-13","Sunday","13:00","JAX",NA,"KC",NA,"Home",NA,NA,NA,"2022111303",NA,NA,"202211130kan",NA,"401437835",7,7,344,-423,10,-119,106,51.5,-103,-109,0,"outdoors","astroturf",NA,NA,"00-0036971","00-0033873","Trevor Lawrence","Patrick Mahomes","Doug Pederson","Andy Reid",NA,"KAN00","GEHA Field at Arrowhead Stadium"
"2022_10_CLE_MIA",2022,"REG",10,"2022-11-13","Sunday","13:00","CLE",NA,"MIA",NA,"Home",NA,NA,NA,"2022111304",NA,NA,"202211130mia",NA,"401437836",13,7,154,-174,4,-124,111,49,101,-113,0,"outdoors","grass",NA,NA,"00-0033119","00-0036212","Jacoby Brissett","Tua Tagovailoa","Kevin Stefanski","Mike McDaniel",NA,"MIA00","Hard Rock Stadium"
"2022_10_HOU_NYG",2022,"REG",10,"2022-11-13","Sunday","13:00","HOU",NA,"NYG",NA,"Home",NA,NA,NA,"2022111305",NA,NA,"202211130nyg",NA,"401437837",10,14,199,-229,4.5,-101,-111,41.5,-110,-102,0,"outdoors","fieldturf",NA,NA,"00-0036898","00-0035710","Davis Mills","Daniel Jones","Lovie Smith","Brian Daboll",NA,"NYC01","MetLife Stadium"
"2022_10_NO_PIT",2022,"REG",10,"2022-11-13","Sunday","13:00","NO",NA,"PIT",NA,"Home",NA,NA,NA,"2022111306",NA,NA,"202211130pit",NA,"401437838",6,14,-118,106,-1,-110,-102,40,-104,-108,0,"outdoors","grass",NA,NA,"00-0027973","00-0038102","Andy Dalton","Kenny Pickett","Dennis Allen","Mike Tomlin",NA,"PIT00","Acrisure Stadium"
"2022_10_DEN_TEN",2022,"REG",10,"2022-11-13","Sunday","13:00","DEN",NA,"TEN",NA,"Home",NA,NA,NA,"2022111307",NA,NA,"202211130oti",NA,"401437839",14,7,126,-141,3,-121,108,38.5,102,-114,0,"outdoors","grass",NA,NA,"00-0029263","00-0029701","Russell Wilson","Ryan Tannehill","Nathaniel Hackett","Mike Vrabel",NA,"NAS00","Nissan Stadium"
"2022_10_IND_LV",2022,"REG",10,"2022-11-13","Sunday","16:05","IND",NA,"LV",NA,"Home",NA,NA,NA,"2022111308",NA,NA,"202211130rai",NA,"401437840",7,7,196,-225,5,-110,-102,41,-108,-104,0,"dome","grass",NA,NA,"00-0036879","00-0031280","Sam Ehlinger","Derek Carr","Jeff Saturday","Josh McDaniels",NA,"VEG00","Allegiant Stadium"
"2022_10_DAL_GB",2022,"REG",10,"2022-11-13","Sunday","16:25","DAL",NA,"GB",NA,"Home",NA,NA,NA,"2022111309",NA,NA,"202211130gnb",NA,"401437131",14,7,-198,174,-5,109,-123,44.5,-108,-104,0,"outdoors","grass",NA,NA,"00-0033077","00-0023459","Dak Prescott","Aaron Rodgers","Mike McCarthy","Matt LaFleur",NA,"GNB00","Lambeau Field"
"2022_10_ARI_LA",2022,"REG",10,"2022-11-13","Sunday","16:25","ARI",NA,"LA",NA,"Home",NA,NA,NA,"2022111310",NA,NA,"202211130ram",NA,"401437841",7,7,130,-145,1.5,114,-128,40.5,-110,-102,1,"dome","matrixturf",NA,NA,"00-0035228","00-0026498","Kyler Murray","Matthew Stafford","Kliff Kingsbury","Sean McVay",NA,"LAX01","SoFi Stadium"
"2022_10_LAC_SF",2022,"REG",10,"2022-11-13","Sunday","20:20","LAC",NA,"SF",NA,"Home",NA,NA,NA,"2022111311",NA,NA,"202211130sfo",NA,"401437842",7,14,260,-307,7,-102,-111,45.5,-114,101,0,"outdoors","grass",NA,NA,"00-0036355","00-0031345","Justin Herbert","Jimmy Garoppolo","Brandon Staley","Kyle Shanahan",NA,"SFO01","Levi's Stadium"
"2022_10_WAS_PHI",2022,"REG",10,"2022-11-14","Monday","20:15","WAS",NA,"PHI",NA,"Home",NA,NA,NA,"2022111400",NA,NA,"202211140phi",NA,"401437843",8,11,397,-501,10.5,-101,-111,43.5,101,-114,1,"outdoors","grass",NA,NA,"00-0031800","00-0036389","Taylor Heinicke","Jalen Hurts","Ron Rivera","Nick Sirianni",NA,"PHI00","Lincoln Financial Field"
"2022_11_TEN_GB",2022,"REG",11,"2022-11-17","Thursday","20:15","TEN",NA,"GB",NA,"Home",NA,NA,NA,"2022111700",NA,NA,"202211170gnb",NA,"401437844",4,4,-105,-115,1,-110,-110,41,-110,-110,0,"outdoors","grass",NA,NA,"00-0029701","00-0023459","Ryan Tannehill","Aaron Rodgers","Mike Vrabel","Matt LaFleur",NA,"GNB00","Lambeau Field"
"2022_11_CHI_ATL",2022,"REG",11,"2022-11-20","Sunday","13:00","CHI",NA,"ATL",NA,"Home",NA,NA,NA,"2022112000",NA,NA,"202211200atl",NA,"401437845",7,10,NA,NA,NA,NA,NA,NA,NA,NA,0,NA,"fieldturf",NA,NA,"00-0036945","00-0032268","Justin Fields","Marcus Mariota","Matt Eberflus","Arthur Smith",NA,"ATL97","Mercedes-Benz Stadium"
"2022_11_CAR_BAL",2022,"REG",11,"2022-11-20","Sunday","13:00","CAR",NA,"BAL",NA,"Home",NA,NA,NA,"2022112001",NA,NA,"202211200rav",NA,"401437846",10,13,NA,NA,NA,NA,NA,NA,NA,NA,0,"outdoors","grass",NA,NA,"00-0033275","00-0034796","Phillip Walker","Lamar Jackson","Steve Wilks","John Harbaugh",NA,"BAL00","M&T Bank Stadium"
"2022_11_CLE_BUF",2022,"REG",11,"2022-11-20","Sunday","13:00","CLE",NA,"BUF",NA,"Home",NA,NA,NA,"2022112002",NA,NA,"202211200buf",NA,"401437847",7,7,235,-280,6.5,-110,-110,44,-110,-110,0,"outdoors","astroturf",NA,NA,"00-0033119","00-0034857","Jacoby Brissett","Josh Allen","Kevin Stefanski","Sean McDermott",NA,"BUF00","New Era Field"
"2022_11_WAS_HOU",2022,"REG",11,"2022-11-20","Sunday","13:00","WAS",NA,"HOU",NA,"Home",NA,NA,NA,"2022112003",NA,NA,"202211200htx",NA,"401437848",6,7,-135,115,-2.5,-110,-110,40.5,-110,-110,0,NA,"grass",NA,NA,"00-0031800","00-0036898","Taylor Heinicke","Davis Mills","Ron Rivera","Lovie Smith",NA,"HOU00","NRG Stadium"
"2022_11_PHI_IND",2022,"REG",11,"2022-11-20","Sunday","13:00","PHI",NA,"IND",NA,"Home",NA,NA,NA,"2022112004",NA,NA,"202211200clt",NA,"401437849",6,7,-450,360,-10,-105,-115,43.5,-110,-110,0,NA,"fieldturf",NA,NA,"00-0036389","00-0036879","Jalen Hurts","Sam Ehlinger","Nick Sirianni","Jeff Saturday",NA,"IND00","Lucas Oil Stadium"
"2022_11_NYJ_NE",2022,"REG",11,"2022-11-20","Sunday","13:00","NYJ",NA,"NE",NA,"Home",NA,NA,NA,"2022112005",NA,NA,"202211200nwe",NA,"401437850",14,14,180,-210,4,-110,-110,39.5,-110,-110,1,"outdoors","grass",NA,NA,"00-0037013","00-0036972","Zach Wilson","Mac Jones","Robert Saleh","Bill Belichick",NA,"BOS00","Gillette Stadium"
"2022_11_LA_NO",2022,"REG",11,"2022-11-20","Sunday","13:00","LA",NA,"NO",NA,"Home",NA,NA,NA,"2022112006",NA,NA,"202211200nor",NA,"401437851",7,7,-110,-110,0,-110,-110,42.5,-110,-110,0,"dome","astroturf",NA,NA,"00-0026498","00-0027973","Matthew Stafford","Andy Dalton","Sean McVay","Dennis Allen",NA,"NOR00","Mercedes-Benz Superdome"
"2022_11_DET_NYG",2022,"REG",11,"2022-11-20","Sunday","13:00","DET",NA,"NYG",NA,"Home",NA,NA,NA,"2022112007",NA,NA,"202211200nyg",NA,"401437852",7,7,175,-205,4,-110,-110,45,-110,-110,0,"outdoors","fieldturf",NA,NA,"00-0033106","00-0035710","Jared Goff","Daniel Jones","Dan Campbell","Brian Daboll",NA,"NYC01","MetLife Stadium"
"2022_11_LV_DEN",2022,"REG",11,"2022-11-20","Sunday","16:05","LV",NA,"DEN",NA,"Home",NA,NA,NA,"2022112008",NA,NA,"202211200den",NA,"401437853",7,7,115,-135,2.5,-110,-110,43.5,-110,-110,1,"outdoors","grass",NA,NA,"00-0031280","00-0029263","Derek Carr","Russell Wilson","Josh McDaniels","Nathaniel Hackett",NA,"DEN00","Empower Field at Mile High"
"2022_11_DAL_MIN",2022,"REG",11,"2022-11-20","Sunday","16:25","DAL",NA,"MIN",NA,"Home",NA,NA,NA,"2022112010",NA,NA,"202211200min",NA,"401437855",7,7,-130,110,-2,-110,-110,47,-110,-110,0,"dome","sportturf",NA,NA,"00-0033077","00-0029604","Dak Prescott","Kirk Cousins","Mike McCarthy","Kevin O'Connell",NA,"MIN01","U.S. Bank Stadium"
"2022_11_CIN_PIT",2022,"REG",11,"2022-11-20","Sunday","16:25","CIN",NA,"PIT",NA,"Home",NA,NA,NA,"2022112011",NA,NA,"202211200pit",NA,"401437856",14,7,-240,200,-5.5,-110,-110,42.5,-110,-110,1,"outdoors","grass",NA,NA,"00-0036442","00-0038102","Joe Burrow","Kenny Pickett","Zac Taylor","Mike Tomlin",NA,"PIT00","Acrisure Stadium"
"2022_11_KC_LAC",2022,"REG",11,"2022-11-20","Sunday","20:20","KC",NA,"LAC",NA,"Home",NA,NA,NA,"2022112009",NA,NA,"202211200sdg",NA,"401437854",7,7,-240,200,-5.5,-110,-110,50,-110,-110,1,"dome","matrixturf",NA,NA,"00-0033873","00-0036355","Patrick Mahomes","Justin Herbert","Andy Reid","Brandon Staley",NA,"LAX01","SoFi Stadium"
"2022_11_SF_ARI",2022,"REG",11,"2022-11-21","Monday","20:15","SF",NA,"ARI",NA,"Neutral",NA,NA,NA,"2022112100",NA,NA,"202211210crd",NA,"401435642",8,8,-240,200,-5.5,-110,-110,45,-110,-110,1,"closed","grass",NA,NA,"00-0031345","00-0035228","Jimmy Garoppolo","Kyler Murray","Kyle Shanahan","Kliff Kingsbury",NA,"MEX00","Azteca Stadium"
"2022_12_BUF_DET",2022,"REG",12,"2022-11-24","Thursday","12:30","BUF",NA,"DET",NA,"Home",NA,NA,NA,"2022112400",NA,NA,"202211240det",NA,"401437857",4,4,NA,NA,NA,NA,NA,NA,NA,NA,0,"dome","fieldturf",NA,NA,NA,NA,NA,NA,"Sean McDermott","Dan Campbell",NA,"DET00","Ford Field"
"2022_12_NYG_DAL",2022,"REG",12,"2022-11-24","Thursday","16:30","NYG",NA,"DAL",NA,"Home",NA,NA,NA,"2022112401",NA,NA,"202211240dal",NA,"401437858",4,4,NA,NA,NA,NA,NA,NA,NA,NA,1,"closed","fieldturf",NA,NA,NA,NA,NA,NA,"Brian Daboll","Mike McCarthy",NA,"DAL00","AT&T Stadium"
"2022_12_NE_MIN",2022,"REG",12,"2022-11-24","Thursday","20:20","NE",NA,"MIN",NA,"Home",NA,NA,NA,"2022112402",NA,NA,"202211240min",NA,"401437859",4,4,NA,NA,NA,NA,NA,NA,NA,NA,0,"dome","sportturf",NA,NA,NA,NA,NA,NA,"Bill Belichick","Kevin O'Connell",NA,"MIN01","U.S. Bank Stadium"
"2022_12_DEN_CAR",2022,"REG",12,"2022-11-27","Sunday","13:00","DEN",NA,"CAR",NA,"Home",NA,NA,NA,"2022112700",NA,NA,"202211270car",NA,"401437860",7,7,NA,NA,NA,NA,NA,NA,NA,NA,0,"outdoors","grass",NA,NA,NA,NA,NA,NA,"Nathaniel Hackett","Steve Wilks",NA,"CAR00","Bank of America Stadium"
"2022_12_TB_CLE",2022,"REG",12,"2022-11-27","Sunday","13:00","TB",NA,"CLE",NA,"Home",NA,NA,NA,"2022112701",NA,NA,"202211270cle",NA,"401437861",14,7,NA,NA,NA,NA,NA,NA,NA,NA,0,"outdoors","grass",NA,NA,NA,NA,NA,NA,"Todd Bowles","Kevin Stefanski",NA,"CLE00","FirstEnergy Stadium"
"2022_12_BAL_JAX",2022,"REG",12,"2022-11-27","Sunday","13:00","BAL",NA,"JAX",NA,"Home",NA,NA,NA,"2022112702",NA,NA,"202211270jax",NA,"401437862",7,14,NA,NA,NA,NA,NA,NA,NA,NA,0,"outdoors","grass",NA,NA,NA,NA,NA,NA,"John Harbaugh","Doug Pederson",NA,"JAX00","TIAA Bank Stadium"
"2022_12_HOU_MIA",2022,"REG",12,"2022-11-27","Sunday","13:00","HOU",NA,"MIA",NA,"Home",NA,NA,NA,"2022112703",NA,NA,"202211270mia",NA,"401437863",7,14,NA,NA,NA,NA,NA,NA,NA,NA,0,"outdoors","grass",NA,NA,NA,NA,NA,NA,"Lovie Smith","Mike McDaniel",NA,"MIA00","Hard Rock Stadium"
"2022_12_CHI_NYJ",2022,"REG",12,"2022-11-27","Sunday","13:00","CHI",NA,"NYJ",NA,"Home",NA,NA,NA,"2022112704",NA,NA,"202211270nyj",NA,"401437864",7,7,NA,NA,NA,NA,NA,NA,NA,NA,0,"outdoors","fieldturf",NA,NA,NA,NA,NA,NA,"Matt Eberflus","Robert Saleh",NA,"NYC01","MetLife Stadium"
"2022_12_CIN_TEN",2022,"REG",12,"2022-11-27","Sunday","13:00","CIN",NA,"TEN",NA,"Home",NA,NA,NA,"2022112705",NA,NA,"202211270oti",NA,"401437865",7,10,NA,NA,NA,NA,NA,NA,NA,NA,0,"outdoors","grass",NA,NA,NA,NA,NA,NA,"Zac Taylor","Mike Vrabel",NA,"NAS00","Nissan Stadium"
"2022_12_ATL_WAS",2022,"REG",12,"2022-11-27","Sunday","13:00","ATL",NA,"WAS",NA,"Home",NA,NA,NA,"2022112706",NA,NA,"202211270was",NA,"401437866",7,7,NA,NA,NA,NA,NA,NA,NA,NA,0,"outdoors","grass",NA,NA,NA,NA,NA,NA,"Arthur Smith","Ron Rivera",NA,"WAS00","FedExField"
"2022_12_LAC_ARI",2022,"REG",12,"2022-11-27","Sunday","16:05","LAC",NA,"ARI",NA,"Home",NA,NA,NA,"2022112707",NA,NA,"202211270crd",NA,"401437867",7,6,NA,NA,NA,NA,NA,NA,NA,NA,0,"closed","grass",NA,NA,NA,NA,NA,NA,"Brandon Staley","Kliff Kingsbury",NA,"PHO00","State Farm Stadium"
"2022_12_LV_SEA",2022,"REG",12,"2022-11-27","Sunday","16:05","LV",NA,"SEA",NA,"Home",NA,NA,NA,"2022112708",NA,NA,"202211270sea",NA,"401437868",7,14,NA,NA,NA,NA,NA,NA,NA,NA,0,"outdoors","fieldturf",NA,NA,NA,NA,NA,NA,"Josh McDaniels","Pete Carroll",NA,"SEA00","Lumen Field"
"2022_12_LA_KC",2022,"REG",12,"2022-11-27","Sunday","16:25","LA",NA,"KC",NA,"Home",NA,NA,NA,"2022112709",NA,NA,"202211270kan",NA,"401437869",7,7,NA,NA,NA,NA,NA,NA,NA,NA,0,"outdoors","astroturf",NA,NA,NA,NA,NA,NA,"Sean McVay","Andy Reid",NA,"KAN00","GEHA Field at Arrowhead Stadium"
"2022_12_NO_SF",2022,"REG",12,"2022-11-27","Sunday","16:25","NO",NA,"SF",NA,"Home",NA,NA,NA,"2022112710",NA,NA,"202211270sfo",NA,"401437870",7,6,NA,NA,NA,NA,NA,NA,NA,NA,0,"outdoors","grass",NA,NA,NA,NA,NA,NA,"Dennis Allen","Kyle Shanahan",NA,"SFO01","Levi's Stadium"
"2022_12_GB_PHI",2022,"REG",12,"2022-11-27","Sunday","20:20","GB",NA,"PHI",NA,"Home",NA,NA,NA,"2022112711",NA,NA,"202211270phi",NA,"401437871",10,7,NA,NA,NA,NA,NA,NA,NA,NA,0,"outdoors","grass",NA,NA,NA,NA,NA,NA,"Matt LaFleur","Nick Sirianni",NA,"PHI00","Lincoln Financial Field"
"2022_12_PIT_IND",2022,"REG",12,"2022-11-28","Monday","20:15","PIT",NA,"IND",NA,"Home",NA,NA,NA,"2022112800",NA,NA,"202211280clt",NA,"401437872",8,8,NA,NA,NA,NA,NA,NA,NA,NA,0,NA,"fieldturf",NA,NA,NA,NA,NA,NA,"Mike Tomlin","Jeff Saturday",NA,"IND00","Lucas Oil Stadium"
"2022_13_BUF_NE",2022,"REG",13,"2022-12-01","Thursday","20:15","BUF",NA,"NE",NA,"Home",NA,NA,NA,"2022120100",NA,NA,"202212010nwe",NA,"401437873",7,7,NA,NA,NA,NA,NA,NA,NA,NA,1,"outdoors","grass",NA,NA,NA,NA,NA,NA,"Sean McDermott","Bill Belichick",NA,"BOS00","Gillette Stadium"
"2022_13_PIT_ATL",2022,"REG",13,"2022-12-04","Sunday","13:00","PIT",NA,"ATL",NA,"Home",NA,NA,NA,"2022120400",NA,NA,"202212040atl",NA,"401437874",6,7,NA,NA,NA,NA,NA,NA,NA,NA,0,NA,"fieldturf",NA,NA,NA,NA,NA,NA,"Mike Tomlin","Arthur Smith",NA,"ATL97","Mercedes-Benz Stadium"
"2022_13_DEN_BAL",2022,"REG",13,"2022-12-04","Sunday","13:00","DEN",NA,"BAL",NA,"Home",NA,NA,NA,"2022120401",NA,NA,"202212040rav",NA,"401437875",7,7,NA,NA,NA,NA,NA,NA,NA,NA,0,"outdoors","grass",NA,NA,NA,NA,NA,NA,"Nathaniel Hackett","John Harbaugh",NA,"BAL00","M&T Bank Stadium"
"2022_13_GB_CHI",2022,"REG",13,"2022-12-04","Sunday","13:00","GB",NA,"CHI",NA,"Home",NA,NA,NA,"2022120402",NA,NA,"202212040chi",NA,"401437876",7,7,NA,NA,NA,NA,NA,NA,NA,NA,1,"outdoors","grass",NA,NA,NA,NA,NA,NA,"Matt LaFleur","Matt Eberflus",NA,"CHI98","Soldier Field"
"2022_13_JAX_DET",2022,"REG",13,"2022-12-04","Sunday","13:00","JAX",NA,"DET",NA,"Home",NA,NA,NA,"2022120403",NA,NA,"202212040det",NA,"401437877",7,10,NA,NA,NA,NA,NA,NA,NA,NA,0,"dome","fieldturf",NA,NA,NA,NA,NA,NA,"Doug Pederson","Dan Campbell",NA,"DET00","Ford Field"
"2022_13_CLE_HOU",2022,"REG",13,"2022-12-04","Sunday","13:00","CLE",NA,"HOU",NA,"Home",NA,NA,NA,"2022120404",NA,NA,"202212040htx",NA,"401437878",7,7,NA,NA,NA,NA,NA,NA,NA,NA,0,NA,"grass",NA,NA,NA,NA,NA,NA,"Kevin Stefanski","Lovie Smith",NA,"HOU00","NRG Stadium"
"2022_13_NYJ_MIN",2022,"REG",13,"2022-12-04","Sunday","13:00","NYJ",NA,"MIN",NA,"Home",NA,NA,NA,"2022120405",NA,NA,"202212040min",NA,"401437879",7,10,NA,NA,NA,NA,NA,NA,NA,NA,0,"dome","sportturf",NA,NA,NA,NA,NA,NA,"Robert Saleh","Kevin O'Connell",NA,"MIN01","U.S. Bank Stadium"
"2022_13_WAS_NYG",2022,"REG",13,"2022-12-04","Sunday","13:00","WAS",NA,"NYG",NA,"Home",NA,NA,NA,"2022120406",NA,NA,"202212040nyg",NA,"401437880",7,10,NA,NA,NA,NA,NA,NA,NA,NA,1,"outdoors","fieldturf",NA,NA,NA,NA,NA,NA,"Ron Rivera","Brian Daboll",NA,"NYC01","MetLife Stadium"
"2022_13_TEN_PHI",2022,"REG",13,"2022-12-04","Sunday","13:00","TEN",NA,"PHI",NA,"Home",NA,NA,NA,"2022120407",NA,NA,"202212040phi",NA,"401437881",7,7,NA,NA,NA,NA,NA,NA,NA,NA,0,"outdoors","grass",NA,NA,NA,NA,NA,NA,"Mike Vrabel","Nick Sirianni",NA,"PHI00","Lincoln Financial Field"
"2022_13_SEA_LA",2022,"REG",13,"2022-12-04","Sunday","16:05","SEA",NA,"LA",NA,"Home",NA,NA,NA,"2022120408",NA,NA,"202212040ram",NA,"401437882",7,7,NA,NA,NA,NA,NA,NA,NA,NA,1,"dome","matrixturf",NA,NA,NA,NA,NA,NA,"Pete Carroll","Sean McVay",NA,"LAX01","SoFi Stadium"
"2022_13_MIA_SF",2022,"REG",13,"2022-12-04","Sunday","16:05","MIA",NA,"SF",NA,"Home",NA,NA,NA,"2022120409",NA,NA,"202212040sfo",NA,"401437883",7,7,NA,NA,NA,NA,NA,NA,NA,NA,0,"outdoors","grass",NA,NA,NA,NA,NA,NA,"Mike McDaniel","Kyle Shanahan",NA,"SFO01","Levi's Stadium"
"2022_13_KC_CIN",2022,"REG",13,"2022-12-04","Sunday","16:25","KC",NA,"CIN",NA,"Home",NA,NA,NA,"2022120410",NA,NA,"202212040cin",NA,"401437884",7,7,NA,NA,NA,NA,NA,NA,NA,NA,0,"outdoors","grass",NA,NA,NA,NA,NA,NA,"Andy Reid","Zac Taylor",NA,"CIN00","Paycor Stadium"
"2022_13_LAC_LV",2022,"REG",13,"2022-12-04","Sunday","16:25","LAC",NA,"LV",NA,"Home",NA,NA,NA,"2022120411",NA,NA,"202212040rai",NA,"401437885",7,7,NA,NA,NA,NA,NA,NA,NA,NA,1,"dome","grass",NA,NA,NA,NA,NA,NA,"Brandon Staley","Josh McDaniels",NA,"VEG00","Allegiant Stadium"
"2022_13_IND_DAL",2022,"REG",13,"2022-12-04","Sunday","20:20","IND",NA,"DAL",NA,"Home",NA,NA,NA,"2022120412",NA,NA,"202212040dal",NA,"401437886",6,10,NA,NA,NA,NA,NA,NA,NA,NA,0,"closed","fieldturf",NA,NA,NA,NA,NA,NA,"Jeff Saturday","Mike McCarthy",NA,"DAL00","AT&T Stadium"
"2022_13_NO_TB",2022,"REG",13,"2022-12-05","Monday","20:15","NO",NA,"TB",NA,"Home",NA,NA,NA,"2022120500",NA,NA,"202212050tam",NA,"401437887",8,8,NA,NA,NA,NA,NA,NA,NA,NA,1,"outdoors","grass",NA,NA,NA,NA,NA,NA,"Dennis Allen","Todd Bowles",NA,"TAM00","Raymond James Stadium"
"2022_14_LV_LA",2022,"REG",14,"2022-12-08","Thursday","20:15","LV",NA,"LA",NA,"Home",NA,NA,NA,"2022120800",NA,NA,"202212080ram",NA,"401437888",4,4,NA,NA,NA,NA,NA,NA,NA,NA,0,"dome","matrixturf",NA,NA,NA,NA,NA,NA,"Josh McDaniels","Sean McVay",NA,"LAX01","SoFi Stadium"
"2022_14_NYJ_BUF",2022,"REG",14,"2022-12-11","Sunday","13:00","NYJ",NA,"BUF",NA,"Home",NA,NA,NA,"2022121100",NA,NA,"202212110buf",NA,"401437889",7,10,NA,NA,NA,NA,NA,NA,NA,NA,1,"outdoors","astroturf",NA,NA,NA,NA,NA,NA,"Robert Saleh","Sean McDermott",NA,"BUF00","New Era Field"
"2022_14_CLE_CIN",2022,"REG",14,"2022-12-11","Sunday","13:00","CLE",NA,"CIN",NA,"Home",NA,NA,NA,"2022121101",NA,NA,"202212110cin",NA,"401437890",7,7,NA,NA,NA,NA,NA,NA,NA,NA,1,"outdoors","grass",NA,NA,NA,NA,NA,NA,"Kevin Stefanski","Zac Taylor",NA,"CIN00","Paycor Stadium"
"2022_14_HOU_DAL",2022,"REG",14,"2022-12-11","Sunday","13:00","HOU",NA,"DAL",NA,"Home",NA,NA,NA,"2022121102",NA,NA,"202212110dal",NA,"401437891",7,7,NA,NA,NA,NA,NA,NA,NA,NA,0,"closed","fieldturf",NA,NA,NA,NA,NA,NA,"Lovie Smith","Mike McCarthy",NA,"DAL00","AT&T Stadium"
"2022_14_MIN_DET",2022,"REG",14,"2022-12-11","Sunday","13:00","MIN",NA,"DET",NA,"Home",NA,NA,NA,"2022121103",NA,NA,"202212110det",NA,"401437892",7,7,NA,NA,NA,NA,NA,NA,NA,NA,1,"dome","fieldturf",NA,NA,NA,NA,NA,NA,"Kevin O'Connell","Dan Campbell",NA,"DET00","Ford Field"
"2022_14_PHI_NYG",2022,"REG",14,"2022-12-11","Sunday","13:00","PHI",NA,"NYG",NA,"Home",NA,NA,NA,"2022121104",NA,NA,"202212110nyg",NA,"401437893",7,7,NA,NA,NA,NA,NA,NA,NA,NA,1,"outdoors","fieldturf",NA,NA,NA,NA,NA,NA,"Nick Sirianni","Brian Daboll",NA,"NYC01","MetLife Stadium"
"2022_14_BAL_PIT",2022,"REG",14,"2022-12-11","Sunday","13:00","BAL",NA,"PIT",NA,"Home",NA,NA,NA,"2022121105",NA,NA,"202212110pit",NA,"401437894",7,7,NA,NA,NA,NA,NA,NA,NA,NA,1,"outdoors","grass",NA,NA,NA,NA,NA,NA,"John Harbaugh","Mike Tomlin",NA,"PIT00","Acrisure Stadium"
"2022_14_JAX_TEN",2022,"REG",14,"2022-12-11","Sunday","13:00","JAX",NA,"TEN",NA,"Home",NA,NA,NA,"2022121106",NA,NA,"202212110oti",NA,"401437895",7,7,NA,NA,NA,NA,NA,NA,NA,NA,1,"outdoors","grass",NA,NA,NA,NA,NA,NA,"Doug Pederson","Mike Vrabel",NA,"NAS00","Nissan Stadium"
"2022_14_MIA_LAC",2022,"REG",14,"2022-12-11","Sunday","16:05","MIA",NA,"LAC",NA,"Home",NA,NA,NA,"2022121107",NA,NA,"202212110sdg",NA,"401437896",7,7,NA,NA,NA,NA,NA,NA,NA,NA,0,"dome","matrixturf",NA,NA,NA,NA,NA,NA,"Mike McDaniel","Brandon Staley",NA,"LAX01","SoFi Stadium"
"2022_14_CAR_SEA",2022,"REG",14,"2022-12-11","Sunday","16:25","CAR",NA,"SEA",NA,"Home",NA,NA,NA,"2022121108",NA,NA,"202212110sea",NA,"401437898",14,7,NA,NA,NA,NA,NA,NA,NA,NA,0,"outdoors","fieldturf",NA,NA,NA,NA,NA,NA,"Steve Wilks","Pete Carroll",NA,"SEA00","Lumen Field"
"2022_14_TB_SF",2022,"REG",14,"2022-12-11","Sunday","16:25","TB",NA,"SF",NA,"Home",NA,NA,NA,"2022121109",NA,NA,"202212110sfo",NA,"401437897",6,7,NA,NA,NA,NA,NA,NA,NA,NA,0,"outdoors","grass",NA,NA,NA,NA,NA,NA,"Todd Bowles","Kyle Shanahan",NA,"SFO01","Levi's Stadium"
"2022_14_KC_DEN",2022,"REG",14,"2022-12-11","Sunday","20:20","KC",NA,"DEN",NA,"Home",NA,NA,NA,"2022121110",NA,NA,"202212110den",NA,"401437899",7,7,NA,NA,NA,NA,NA,NA,NA,NA,1,"outdoors","grass",NA,NA,NA,NA,NA,NA,"Andy Reid","Nathaniel Hackett",NA,"DEN00","Empower Field at Mile High"
"2022_14_NE_ARI",2022,"REG",14,"2022-12-12","Monday","20:15","NE",NA,"ARI",NA,"Home",NA,NA,NA,"2022121200",NA,NA,"202212120crd",NA,"401437900",11,15,NA,NA,NA,NA,NA,NA,NA,NA,0,"closed","grass",NA,NA,NA,NA,NA,NA,"Bill Belichick","Kliff Kingsbury",NA,"PHO00","State Farm Stadium"
"2022_15_SF_SEA",2022,"REG",15,"2022-12-15","Thursday","20:15","SF",NA,"SEA",NA,"Home",NA,NA,NA,"2022121500",NA,NA,"202212150sea",NA,"401437901",4,4,NA,NA,NA,NA,NA,NA,NA,NA,1,"outdoors","fieldturf",NA,NA,NA,NA,NA,NA,"Kyle Shanahan","Pete Carroll",NA,"SEA00","Lumen Field"
"2022_15_MIA_BUF",2022,"REG",15,"2022-12-18","Sunday","13:00","MIA",NA,"BUF",NA,"Home",NA,NA,NA,"2022121800",NA,NA,"202212180buf",NA,"401437902",7,7,NA,NA,NA,NA,NA,NA,NA,NA,1,"outdoors","astroturf",NA,NA,NA,NA,NA,NA,"Mike McDaniel","Sean McDermott",NA,"BUF00","New Era Field"
"2022_15_PIT_CAR",2022,"REG",15,"2022-12-18","Sunday","13:00","PIT",NA,"CAR",NA,"Home",NA,NA,NA,"2022121800",NA,NA,"202212180car",NA,"401437907",7,7,NA,NA,NA,NA,NA,NA,NA,NA,0,"outdoors","grass",NA,NA,NA,NA,NA,NA,"Mike Tomlin","Steve Wilks",NA,"CAR00","Bank of America Stadium"
"2022_15_PHI_CHI",2022,"REG",15,"2022-12-18","Sunday","13:00","PHI",NA,"CHI",NA,"Home",NA,NA,NA,"2022121801",NA,NA,"202212180chi",NA,"401437908",7,14,NA,NA,NA,NA,NA,NA,NA,NA,0,"outdoors","grass",NA,NA,NA,NA,NA,NA,"Nick Sirianni","Matt Eberflus",NA,"CHI98","Soldier Field"
"2022_15_BAL_CLE",2022,"REG",15,"2022-12-18","Sunday","13:00","BAL",NA,"CLE",NA,"Home",NA,NA,NA,"2022121801",NA,NA,"202212180cle",NA,"401437903",7,7,NA,NA,NA,NA,NA,NA,NA,NA,1,"outdoors","grass",NA,NA,NA,NA,NA,NA,"John Harbaugh","Kevin Stefanski",NA,"CLE00","FirstEnergy Stadium"
"2022_15_KC_HOU",2022,"REG",15,"2022-12-18","Sunday","13:00","KC",NA,"HOU",NA,"Home",NA,NA,NA,"2022121802",NA,NA,"202212180htx",NA,"401437909",7,7,NA,NA,NA,NA,NA,NA,NA,NA,0,NA,"grass",NA,NA,NA,NA,NA,NA,"Andy Reid","Lovie Smith",NA,"HOU00","NRG Stadium"
"2022_15_DAL_JAX",2022,"REG",15,"2022-12-18","Sunday","13:00","DAL",NA,"JAX",NA,"Home",NA,NA,NA,"2022121803",NA,NA,"202212180jax",NA,"401437910",7,7,NA,NA,NA,NA,NA,NA,NA,NA,0,"outdoors","grass",NA,NA,NA,NA,NA,NA,"Mike McCarthy","Doug Pederson",NA,"JAX00","TIAA Bank Stadium"
"2022_15_IND_MIN",2022,"REG",15,"2022-12-18","Sunday","13:00","IND",NA,"MIN",NA,"Home",NA,NA,NA,"2022121802",NA,NA,"202212180min",NA,"401437904",14,7,NA,NA,NA,NA,NA,NA,NA,NA,0,"dome","sportturf",NA,NA,NA,NA,NA,NA,"Jeff Saturday","Kevin O'Connell",NA,"MIN01","U.S. Bank Stadium"
"2022_15_ATL_NO",2022,"REG",15,"2022-12-18","Sunday","13:00","ATL",NA,"NO",NA,"Home",NA,NA,NA,"2022121803",NA,NA,"202212180nor",NA,"401437905",14,13,NA,NA,NA,NA,NA,NA,NA,NA,1,"dome","astroturf",NA,NA,NA,NA,NA,NA,"Arthur Smith","Dennis Allen",NA,"NOR00","Mercedes-Benz Superdome"
"2022_15_DET_NYJ",2022,"REG",15,"2022-12-18","Sunday","13:00","DET",NA,"NYJ",NA,"Home",NA,NA,NA,"2022121804",NA,NA,"202212180nyj",NA,"401437911",7,7,NA,NA,NA,NA,NA,NA,NA,NA,0,"outdoors","fieldturf",NA,NA,NA,NA,NA,NA,"Dan Campbell","Robert Saleh",NA,"NYC01","MetLife Stadium"
"2022_15_NYG_WAS",2022,"REG",15,"2022-12-18","Sunday","13:00","NYG",NA,"WAS",NA,"Home",NA,NA,NA,"2022121804",NA,NA,"202212180was",NA,"401437906",7,14,NA,NA,NA,NA,NA,NA,NA,NA,1,"outdoors","grass",NA,NA,NA,NA,NA,NA,"Brian Daboll","Ron Rivera",NA,"WAS00","FedExField"
"2022_15_ARI_DEN",2022,"REG",15,"2022-12-18","Sunday","16:05","ARI",NA,"DEN",NA,"Home",NA,NA,NA,"2022121805",NA,NA,"202212180den",NA,"401437912",6,7,NA,NA,NA,NA,NA,NA,NA,NA,0,"outdoors","grass",NA,NA,NA,NA,NA,NA,"Kliff Kingsbury","Nathaniel Hackett",NA,"DEN00","Empower Field at Mile High"
"2022_15_TEN_LAC",2022,"REG",15,"2022-12-18","Sunday","16:25","TEN",NA,"LAC",NA,"Home",NA,NA,NA,"2022121806",NA,NA,"202212180sdg",NA,"401437913",7,7,NA,NA,NA,NA,NA,NA,NA,NA,0,"dome","matrixturf",NA,NA,NA,NA,NA,NA,"Mike Vrabel","Brandon Staley",NA,"LAX01","SoFi Stadium"
"2022_15_CIN_TB",2022,"REG",15,"2022-12-18","Sunday","16:25","CIN",NA,"TB",NA,"Home",NA,NA,NA,"2022121807",NA,NA,"202212180tam",NA,"401437914",7,7,NA,NA,NA,NA,NA,NA,NA,NA,0,"outdoors","grass",NA,NA,NA,NA,NA,NA,"Zac Taylor","Todd Bowles",NA,"TAM00","Raymond James Stadium"
"2022_15_NE_LV",2022,"REG",15,"2022-12-18","Sunday","20:20","NE",NA,"LV",NA,"Home",NA,NA,NA,"2022121808",NA,NA,"202212180rai",NA,"401437915",6,10,NA,NA,NA,NA,NA,NA,NA,NA,0,"dome","grass",NA,NA,NA,NA,NA,NA,"Bill Belichick","Josh McDaniels",NA,"VEG00","Allegiant Stadium"
"2022_15_LA_GB",2022,"REG",15,"2022-12-19","Monday","20:15","LA",NA,"GB",NA,"Home",NA,NA,NA,"2022121900",NA,NA,"202212190gnb",NA,"401437916",11,15,NA,NA,NA,NA,NA,NA,NA,NA,0,"outdoors","grass",NA,NA,NA,NA,NA,NA,"Sean McVay","Matt LaFleur",NA,"GNB00","Lambeau Field"
"2022_16_JAX_NYJ",2022,"REG",16,"2022-12-22","Thursday","20:15","JAX",NA,"NYJ",NA,"Home",NA,NA,NA,"2022122200",NA,NA,"202212220nyj",NA,"401437917",4,4,NA,NA,NA,NA,NA,NA,NA,NA,0,"outdoors","fieldturf",NA,NA,NA,NA,NA,NA,"Doug Pederson","Robert Saleh",NA,"NYC01","MetLife Stadium"
"2022_16_ATL_BAL",2022,"REG",16,"2022-12-24","Saturday","13:00","ATL",NA,"BAL",NA,"Home",NA,NA,NA,"2022122400",NA,NA,"202212240rav",NA,"401437918",6,6,NA,NA,NA,NA,NA,NA,NA,NA,0,"outdoors","grass",NA,NA,NA,NA,NA,NA,"Arthur Smith","John Harbaugh",NA,"BAL00","M&T Bank Stadium"
"2022_16_DET_CAR",2022,"REG",16,"2022-12-24","Saturday","13:00","DET",NA,"CAR",NA,"Home",NA,NA,NA,"2022122401",NA,NA,"202212240car",NA,"401437919",6,6,NA,NA,NA,NA,NA,NA,NA,NA,0,"outdoors","grass",NA,NA,NA,NA,NA,NA,"Dan Campbell","Steve Wilks",NA,"CAR00","Bank of America Stadium"
"2022_16_BUF_CHI",2022,"REG",16,"2022-12-24","Saturday","13:00","BUF",NA,"CHI",NA,"Home",NA,NA,NA,"2022122402",NA,NA,"202212240chi",NA,"401437920",6,6,NA,NA,NA,NA,NA,NA,NA,NA,0,"outdoors","grass",NA,NA,NA,NA,NA,NA,"Sean McDermott","Matt Eberflus",NA,"CHI98","Soldier Field"
"2022_16_NO_CLE",2022,"REG",16,"2022-12-24","Saturday","13:00","NO",NA,"CLE",NA,"Home",NA,NA,NA,"2022122403",NA,NA,"202212240cle",NA,"401437921",6,6,NA,NA,NA,NA,NA,NA,NA,NA,0,"outdoors","grass",NA,NA,NA,NA,NA,NA,"Dennis Allen","Kevin Stefanski",NA,"CLE00","FirstEnergy Stadium"
"2022_16_SEA_KC",2022,"REG",16,"2022-12-24","Saturday","13:00","SEA",NA,"KC",NA,"Home",NA,NA,NA,"2022122404",NA,NA,"202212240kan",NA,"401437922",9,6,NA,NA,NA,NA,NA,NA,NA,NA,0,"outdoors","astroturf",NA,NA,NA,NA,NA,NA,"Pete Carroll","Andy Reid",NA,"KAN00","GEHA Field at Arrowhead Stadium"
"2022_16_NYG_MIN",2022,"REG",16,"2022-12-24","Saturday","13:00","NYG",NA,"MIN",NA,"Home",NA,NA,NA,"2022122405",NA,NA,"202212240min",NA,"401437923",6,6,NA,NA,NA,NA,NA,NA,NA,NA,0,"dome","sportturf",NA,NA,NA,NA,NA,NA,"Brian Daboll","Kevin O'Connell",NA,"MIN01","U.S. Bank Stadium"
"2022_16_CIN_NE",2022,"REG",16,"2022-12-24","Saturday","13:00","CIN",NA,"NE",NA,"Home",NA,NA,NA,"2022122406",NA,NA,"202212240nwe",NA,"401437924",6,6,NA,NA,NA,NA,NA,NA,NA,NA,0,"outdoors","grass",NA,NA,NA,NA,NA,NA,"Zac Taylor","Bill Belichick",NA,"BOS00","Gillette Stadium"
"2022_16_HOU_TEN",2022,"REG",16,"2022-12-24","Saturday","13:00","HOU",NA,"TEN",NA,"Home",NA,NA,NA,"2022122407",NA,NA,"202212240oti",NA,"401437925",6,6,NA,NA,NA,NA,NA,NA,NA,NA,1,"outdoors","grass",NA,NA,NA,NA,NA,NA,"Lovie Smith","Mike Vrabel",NA,"NAS00","Nissan Stadium"
"2022_16_WAS_SF",2022,"REG",16,"2022-12-24","Saturday","16:05","WAS",NA,"SF",NA,"Home",NA,NA,NA,"2022122408",NA,NA,"202212240sfo",NA,"401437926",6,9,NA,NA,NA,NA,NA,NA,NA,NA,0,"outdoors","grass",NA,NA,NA,NA,NA,NA,"Ron Rivera","Kyle Shanahan",NA,"SFO01","Levi's Stadium"
"2022_16_PHI_DAL",2022,"REG",16,"2022-12-24","Saturday","16:25","PHI",NA,"DAL",NA,"Home",NA,NA,NA,"2022122409",NA,NA,"202212240dal",NA,"401437927",6,6,NA,NA,NA,NA,NA,NA,NA,NA,1,"closed","fieldturf",NA,NA,NA,NA,NA,NA,"Nick Sirianni","Mike McCarthy",NA,"DAL00","AT&T Stadium"
"2022_16_LV_PIT",2022,"REG",16,"2022-12-24","Saturday","20:15","LV",NA,"PIT",NA,"Home",NA,NA,NA,"2022122410",NA,NA,"202212240pit",NA,"401437928",6,6,NA,NA,NA,NA,NA,NA,NA,NA,0,"outdoors","grass",NA,NA,NA,NA,NA,NA,"Josh McDaniels","Mike Tomlin",NA,"PIT00","Acrisure Stadium"
"2022_16_GB_MIA",2022,"REG",16,"2022-12-25","Sunday","13:00","GB",NA,"MIA",NA,"Home",NA,NA,NA,"2022122500",NA,NA,"202212250mia",NA,"401437929",6,7,NA,NA,NA,NA,NA,NA,NA,NA,0,"outdoors","grass",NA,NA,NA,NA,NA,NA,"Matt LaFleur","Mike McDaniel",NA,"MIA00","Hard Rock Stadium"
"2022_16_DEN_LA",2022,"REG",16,"2022-12-25","Sunday","16:30","DEN",NA,"LA",NA,"Home",NA,NA,NA,"2022122501",NA,NA,"202212250ram",NA,"401436983",7,6,NA,NA,NA,NA,NA,NA,NA,NA,0,"dome","matrixturf",NA,NA,NA,NA,NA,NA,"Nathaniel Hackett","Sean McVay",NA,"LAX01","SoFi Stadium"
"2022_16_TB_ARI",2022,"REG",16,"2022-12-25","Sunday","20:20","TB",NA,"ARI",NA,"Home",NA,NA,NA,"2022122502",NA,NA,"202212250crd",NA,"401437930",7,7,NA,NA,NA,NA,NA,NA,NA,NA,0,"closed","grass",NA,NA,NA,NA,NA,NA,"Todd Bowles","Kliff Kingsbury",NA,"PHO00","State Farm Stadium"
"2022_16_LAC_IND",2022,"REG",16,"2022-12-26","Monday","20:15","LAC",NA,"IND",NA,"Home",NA,NA,NA,"2022122600",NA,NA,"202212260clt",NA,"401437931",8,8,NA,NA,NA,NA,NA,NA,NA,NA,0,NA,"fieldturf",NA,NA,NA,NA,NA,NA,"Brandon Staley","Jeff Saturday",NA,"IND00","Lucas Oil Stadium"
"2022_17_DAL_TEN",2022,"REG",17,"2022-12-29","Thursday","20:15","DAL",NA,"TEN",NA,"Home",NA,NA,NA,"2022122900",NA,NA,"202212290oti",NA,"401437932",5,5,NA,NA,NA,NA,NA,NA,NA,NA,0,"outdoors","grass",NA,NA,NA,NA,NA,NA,"Mike McCarthy","Mike Vrabel",NA,"NAS00","Nissan Stadium"
"2022_17_ARI_ATL",2022,"REG",17,"2023-01-01","Sunday","13:00","ARI",NA,"ATL",NA,"Home",NA,NA,NA,"2023010100",NA,NA,"202301010atl",NA,"401437933",7,8,NA,NA,NA,NA,NA,NA,NA,NA,0,NA,"fieldturf",NA,NA,NA,NA,NA,NA,"Kliff Kingsbury","Arthur Smith",NA,"ATL97","Mercedes-Benz Stadium"
"2022_17_PIT_BAL",2022,"REG",17,"2023-01-01","Sunday","13:00","PIT",NA,"BAL",NA,"Home",NA,NA,NA,"2023010101",NA,NA,"202301010rav",NA,"401437934",8,8,NA,NA,NA,NA,NA,NA,NA,NA,1,"outdoors","grass",NA,NA,NA,NA,NA,NA,"Mike Tomlin","John Harbaugh",NA,"BAL00","M&T Bank Stadium"
"2022_17_CHI_DET",2022,"REG",17,"2023-01-01","Sunday","13:00","CHI",NA,"DET",NA,"Home",NA,NA,NA,"2023010102",NA,NA,"202301010det",NA,"401437935",8,8,NA,NA,NA,NA,NA,NA,NA,NA,1,"dome","fieldturf",NA,NA,NA,NA,NA,NA,"Matt Eberflus","Dan Campbell",NA,"DET00","Ford Field"
"2022_17_JAX_HOU",2022,"REG",17,"2023-01-01","Sunday","13:00","JAX",NA,"HOU",NA,"Home",NA,NA,NA,"2023010103",NA,NA,"202301010htx",NA,"401437936",10,8,NA,NA,NA,NA,NA,NA,NA,NA,1,NA,"grass",NA,NA,NA,NA,NA,NA,"Doug Pederson","Lovie Smith",NA,"HOU00","NRG Stadium"
"2022_17_DEN_KC",2022,"REG",17,"2023-01-01","Sunday","13:00","DEN",NA,"KC",NA,"Home",NA,NA,NA,"2023010104",NA,NA,"202301010kan",NA,"401437937",7,8,NA,NA,NA,NA,NA,NA,NA,NA,1,"outdoors","astroturf",NA,NA,NA,NA,NA,NA,"Nathaniel Hackett","Andy Reid",NA,"KAN00","GEHA Field at Arrowhead Stadium"
"2022_17_MIA_NE",2022,"REG",17,"2023-01-01","Sunday","13:00","MIA",NA,"NE",NA,"Home",NA,NA,NA,"2023010105",NA,NA,"202301010nwe",NA,"401437938",7,8,NA,NA,NA,NA,NA,NA,NA,NA,1,"outdoors","grass",NA,NA,NA,NA,NA,NA,"Mike McDaniel","Bill Belichick",NA,"BOS00","Gillette Stadium"
"2022_17_IND_NYG",2022,"REG",17,"2023-01-01","Sunday","13:00","IND",NA,"NYG",NA,"Home",NA,NA,NA,"2023010106",NA,NA,"202301010nyg",NA,"401437939",6,8,NA,NA,NA,NA,NA,NA,NA,NA,0,"outdoors","fieldturf",NA,NA,NA,NA,NA,NA,"Jeff Saturday","Brian Daboll",NA,"NYC01","MetLife Stadium"
"2022_17_NO_PHI",2022,"REG",17,"2023-01-01","Sunday","13:00","NO",NA,"PHI",NA,"Home",NA,NA,NA,"2023010107",NA,NA,"202301010phi",NA,"401437940",8,8,NA,NA,NA,NA,NA,NA,NA,NA,0,"outdoors","grass",NA,NA,NA,NA,NA,NA,"Dennis Allen","Nick Sirianni",NA,"PHI00","Lincoln Financial Field"
"2022_17_CAR_TB",2022,"REG",17,"2023-01-01","Sunday","13:00","CAR",NA,"TB",NA,"Home",NA,NA,NA,"2023010108",NA,NA,"202301010tam",NA,"401437941",8,7,NA,NA,NA,NA,NA,NA,NA,NA,1,"outdoors","grass",NA,NA,NA,NA,NA,NA,"Steve Wilks","Todd Bowles",NA,"TAM00","Raymond James Stadium"
"2022_17_CLE_WAS",2022,"REG",17,"2023-01-01","Sunday","13:00","CLE",NA,"WAS",NA,"Home",NA,NA,NA,"2023010109",NA,NA,"202301010was",NA,"401437942",8,8,NA,NA,NA,NA,NA,NA,NA,NA,0,"outdoors","grass",NA,NA,NA,NA,NA,NA,"Kevin Stefanski","Ron Rivera",NA,"WAS00","FedExField"
"2022_17_SF_LV",2022,"REG",17,"2023-01-01","Sunday","16:05","SF",NA,"LV",NA,"Home",NA,NA,NA,"2023010110",NA,NA,"202301010rai",NA,"401437943",8,8,NA,NA,NA,NA,NA,NA,NA,NA,0,"dome","grass",NA,NA,NA,NA,NA,NA,"Kyle Shanahan","Josh McDaniels",NA,"VEG00","Allegiant Stadium"
"2022_17_NYJ_SEA",2022,"REG",17,"2023-01-01","Sunday","16:05","NYJ",NA,"SEA",NA,"Home",NA,NA,NA,"2023010111",NA,NA,"202301010sea",NA,"401437944",10,8,NA,NA,NA,NA,NA,NA,NA,NA,0,"outdoors","fieldturf",NA,NA,NA,NA,NA,NA,"Robert Saleh","Pete Carroll",NA,"SEA00","Lumen Field"
"2022_17_MIN_GB",2022,"REG",17,"2023-01-01","Sunday","16:25","MIN",NA,"GB",NA,"Home",NA,NA,NA,"2023010112",NA,NA,"202301010gnb",NA,"401437945",8,7,NA,NA,NA,NA,NA,NA,NA,NA,1,"outdoors","grass",NA,NA,NA,NA,NA,NA,"Kevin O'Connell","Matt LaFleur",NA,"GNB00","Lambeau Field"
"2022_17_LA_LAC",2022,"REG",17,"2023-01-01","Sunday","20:20","LA",NA,"LAC",NA,"Home",NA,NA,NA,"2023010113",NA,NA,"202301010sdg",NA,"401437946",7,6,NA,NA,NA,NA,NA,NA,NA,NA,0,"dome","matrixturf",NA,NA,NA,NA,NA,NA,"Sean McVay","Brandon Staley",NA,"LAX01","SoFi Stadium"
"2022_17_BUF_CIN",2022,"REG",17,"2023-01-02","Monday","20:30","BUF",NA,"CIN",NA,"Home",NA,NA,NA,"2023010200",NA,NA,"202301020cin",NA,"401437947",9,9,NA,NA,NA,NA,NA,NA,NA,NA,0,"outdoors","grass",NA,NA,NA,NA,NA,NA,"Sean McDermott","Zac Taylor",NA,"CIN00","Paycor Stadium"
"2022_18_TB_ATL",2022,"REG",18,"2023-01-08","Sunday","13:00","TB",NA,"ATL",NA,"Home",NA,NA,NA,"2023010800",NA,NA,"202301080atl",NA,"401437948",7,7,NA,NA,NA,NA,NA,NA,NA,NA,1,NA,"fieldturf",NA,NA,NA,NA,NA,NA,"Todd Bowles","Arthur Smith",NA,"ATL97","Mercedes-Benz Stadium"
"2022_18_NE_BUF",2022,"REG",18,"2023-01-08","Sunday","13:00","NE",NA,"BUF",NA,"Home",NA,NA,NA,"2023010801",NA,NA,"202301080buf",NA,"401437949",7,6,NA,NA,NA,NA,NA,NA,NA,NA,1,"outdoors","astroturf",NA,NA,NA,NA,NA,NA,"Bill Belichick","Sean McDermott",NA,"BUF00","New Era Field"
"2022_18_MIN_CHI",2022,"REG",18,"2023-01-08","Sunday","13:00","MIN",NA,"CHI",NA,"Home",NA,NA,NA,"2023010802",NA,NA,"202301080chi",NA,"401437950",7,7,NA,NA,NA,NA,NA,NA,NA,NA,1,"outdoors","grass",NA,NA,NA,NA,NA,NA,"Kevin O'Connell","Matt Eberflus",NA,"CHI98","Soldier Field"
"2022_18_BAL_CIN",2022,"REG",18,"2023-01-08","Sunday","13:00","BAL",NA,"CIN",NA,"Home",NA,NA,NA,"2023010803",NA,NA,"202301080cin",NA,"401437951",7,6,NA,NA,NA,NA,NA,NA,NA,NA,1,"outdoors","grass",NA,NA,NA,NA,NA,NA,"John Harbaugh","Zac Taylor",NA,"CIN00","Paycor Stadium"
"2022_18_LAC_DEN",2022,"REG",18,"2023-01-08","Sunday","13:00","LAC",NA,"DEN",NA,"Home",NA,NA,NA,"2023010812",NA,NA,"202301080den",NA,"401437960",7,7,NA,NA,NA,NA,NA,NA,NA,NA,1,"outdoors","grass",NA,NA,NA,NA,NA,NA,"Brandon Staley","Nathaniel Hackett",NA,"DEN00","Empower Field at Mile High"
"2022_18_DET_GB",2022,"REG",18,"2023-01-08","Sunday","13:00","DET",NA,"GB",NA,"Home",NA,NA,NA,"2023010804",NA,NA,"202301080gnb",NA,"401437952",7,7,NA,NA,NA,NA,NA,NA,NA,NA,1,"outdoors","grass",NA,NA,NA,NA,NA,NA,"Dan Campbell","Matt LaFleur",NA,"GNB00","Lambeau Field"
"2022_18_HOU_IND",2022,"REG",18,"2023-01-08","Sunday","13:00","HOU",NA,"IND",NA,"Home",NA,NA,NA,"2023010805",NA,NA,"202301080clt",NA,"401437953",7,7,NA,NA,NA,NA,NA,NA,NA,NA,1,NA,"fieldturf",NA,NA,NA,NA,NA,NA,"Lovie Smith","Jeff Saturday",NA,"IND00","Lucas Oil Stadium"
"2022_18_TEN_JAX",2022,"REG",18,"2023-01-08","Sunday","13:00","TEN",NA,"JAX",NA,"Home",NA,NA,NA,"2023010806",NA,NA,"202301080jax",NA,"401437954",10,7,NA,NA,NA,NA,NA,NA,NA,NA,1,"outdoors","grass",NA,NA,NA,NA,NA,NA,"Mike Vrabel","Doug Pederson",NA,"JAX00","TIAA Bank Stadium"
"2022_18_KC_LV",2022,"REG",18,"2023-01-08","Sunday","13:00","KC",NA,"LV",NA,"Home",NA,NA,NA,"2023010813",NA,NA,"202301080rai",NA,"401437961",7,7,NA,NA,NA,NA,NA,NA,NA,NA,1,"dome","grass",NA,NA,NA,NA,NA,NA,"Andy Reid","Josh McDaniels",NA,"VEG00","Allegiant Stadium"
"2022_18_NYJ_MIA",2022,"REG",18,"2023-01-08","Sunday","13:00","NYJ",NA,"MIA",NA,"Home",NA,NA,NA,"2023010807",NA,NA,"202301080mia",NA,"401437955",7,7,NA,NA,NA,NA,NA,NA,NA,NA,1,"outdoors","grass",NA,NA,NA,NA,NA,NA,"Robert Saleh","Mike McDaniel",NA,"MIA00","Hard Rock Stadium"
"2022_18_CAR_NO",2022,"REG",18,"2023-01-08","Sunday","13:00","CAR",NA,"NO",NA,"Home",NA,NA,NA,"2023010808",NA,NA,"202301080nor",NA,"401437956",7,7,NA,NA,NA,NA,NA,NA,NA,NA,1,"dome","astroturf",NA,NA,NA,NA,NA,NA,"Steve Wilks","Dennis Allen",NA,"NOR00","Mercedes-Benz Superdome"
"2022_18_NYG_PHI",2022,"REG",18,"2023-01-08","Sunday","13:00","NYG",NA,"PHI",NA,"Home",NA,NA,NA,"2023010809",NA,NA,"202301080phi",NA,"401437957",7,7,NA,NA,NA,NA,NA,NA,NA,NA,1,"outdoors","grass",NA,NA,NA,NA,NA,NA,"Brian Daboll","Nick Sirianni",NA,"PHI00","Lincoln Financial Field"
"2022_18_CLE_PIT",2022,"REG",18,"2023-01-08","Sunday","13:00","CLE",NA,"PIT",NA,"Home",NA,NA,NA,"2023010810",NA,NA,"202301080pit",NA,"401437958",7,7,NA,NA,NA,NA,NA,NA,NA,NA,1,"outdoors","grass",NA,NA,NA,NA,NA,NA,"Kevin Stefanski","Mike Tomlin",NA,"PIT00","Acrisure Stadium"
"2022_18_LA_SEA",2022,"REG",18,"2023-01-08","Sunday","13:00","LA",NA,"SEA",NA,"Home",NA,NA,NA,"2023010814",NA,NA,"202301080sea",NA,"401437963",7,7,NA,NA,NA,NA,NA,NA,NA,NA,1,"outdoors","fieldturf",NA,NA,NA,NA,NA,NA,"Sean McVay","Pete Carroll",NA,"SEA00","Lumen Field"
"2022_18_ARI_SF",2022,"REG",18,"2023-01-08","Sunday","13:00","ARI",NA,"SF",NA,"Home",NA,NA,NA,"2023010815",NA,NA,"202301080sfo",NA,"401437962",7,7,NA,NA,NA,NA,NA,NA,NA,NA,1,"outdoors","grass",NA,NA,NA,NA,NA,NA,"Kliff Kingsbury","Kyle Shanahan",NA,"SFO01","Levi's Stadium"
"2022_18_DAL_WAS",2022,"REG",18,"2023-01-08","Sunday","13:00","DAL",NA,"WAS",NA,"Home",NA,NA,NA,"2023010811",NA,NA,"202301080was",NA,"401437959",10,7,NA,NA,NA,NA,NA,NA,NA,NA,1,"outdoors","grass",NA,NA,NA,NA,NA,NA,"Mike McCarthy","Ron Rivera",NA,"WAS00","FedExField"
